date,act_symbol,expiration,strike,call_put,bid,ask,vol,delta,gamma,theta,vega,rho
2019-02-09,A,2019-02-15,65.00,Call,10.50,11.25,0.2705,1.0000,0.0000,-0.0046,0.0000,0.0124
2019-02-09,A,2019-02-15,65.00,Put,0.00,0.03,0.3133,-0.0002,0.0002,-0.0002,0.0001,0.0000
2019-02-09,A,2019-02-15,67.50,Call,8.15,8.50,0.2705,0.9991,0.0010,-0.0053,0.0003,0.0129
2019-02-09,A,2019-02-15,67.50,Put,0.00,0.03,0.3133,-0.0034,0.0031,-0.0024,0.0011,0.0000
2019-02-09,A,2019-02-15,70.00,Call,5.70,6.00,0.2705,0.9845,0.0137,-0.0127,0.0041,0.0132
2019-02-09,A,2019-02-15,70.00,Put,0.03,0.05,0.3133,-0.0308,0.0212,-0.0162,0.0073,-0.0005
2019-02-09,A,2019-02-15,72.50,Call,3.35,3.60,0.2626,0.8955,0.0658,-0.0402,0.0190,0.0123
2019-02-09,A,2019-02-15,72.50,Put,0.12,0.15,0.2600,-0.1021,0.0655,-0.0343,0.0189,-0.0014
2019-02-09,A,2019-02-15,75.00,Call,1.33,1.49,0.2241,0.6456,0.1583,-0.0659,0.0390,0.0091
2019-02-09,A,2019-02-15,75.00,Put,0.52,0.60,0.2201,-0.3530,0.1619,-0.0598,0.0390,-0.0047
2019-02-09,A,2019-02-15,77.50,Call,0.21,0.23,0.1861,0.2034,0.1449,-0.0405,0.0297,0.0029
2019-02-09,A,2019-02-15,77.50,Put,1.73,1.97,0.1721,-0.8214,0.1506,-0.0306,0.0281,-0.0081
2019-02-09,A,2019-02-15,80.00,Call,0.00,0.03,0.1861,0.0196,0.0244,-0.0067,0.0050,0.0003
2019-02-09,A,2019-02-15,80.00,Put,4.10,4.35,0.1721,-0.9998,0.0070,0.0000,0.0005,0.0000
2019-02-09,A,2019-02-15,82.50,Call,0.00,0.03,0.1861,0.0006,0.0010,-0.0003,0.0002,0.0000
2019-02-09,A,2019-02-15,82.50,Put,6.60,7.25,0.1721,-1.0000,0.0000,0.0000,0.0000,0.0000
2019-02-09,A,2019-02-15,85.00,Call,0.00,0.03,0.1861,0.0000,0.0000,0.0000,0.0000,0.0000
2019-02-09,A,2019-02-15,85.00,Put,9.10,9.75,0.1721,-1.0000,0.0000,0.0000,0.0000,0.0000
2019-02-09,A,2019-03-15,65.00,Call,11.05,11.35,0.3457,0.9349,0.0157,-0.0189,0.0298,0.0571
2019-02-16,EBAY,2019-04-18,31.00,Call,4.00,7.40,0.2853,0.9338,0.0328,-0.0069,0.0202,0.0445
2019-02-09,A,2019-03-15,65.00,Put,0.20,0.24,0.3386,-0.0613,0.0153,-0.0135,0.0291,-0.0044
2019-02-09,A,2019-03-15,67.50,Call,8.75,9.00,0.3222,0.8921,0.0245,-0.0242,0.0435,0.0562
2019-02-16,EBAY,2019-04-18,31.00,Put,0.10,0.40,0.3407,-0.1035,0.0357,-0.0072,0.0272,-0.0062
2019-02-09,A,2019-03-15,67.50,Put,0.38,0.43,0.3210,-0.1071,0.0246,-0.0194,0.0442,-0.0076
2019-02-16,EBAY,2019-04-18,33.00,Call,3.30,5.05,0.2535,0.8539,0.0613,-0.0091,0.0344,0.0454
2019-02-09,A,2019-03-15,70.00,Call,6.55,6.80,0.3009,0.8233,0.0368,-0.0301,0.0608,0.0534
2019-02-16,EBAY,2019-04-18,33.00,Put,0.34,0.71,0.3209,-0.1971,0.0585,-0.0104,0.0415,-0.0117
2019-02-09,A,2019-03-15,70.00,Put,0.68,0.75,0.3022,-0.1782,0.0370,-0.0256,0.0613,-0.0124
2019-02-16,EBAY,2019-04-18,34.00,Call,3.10,3.40,0.2867,0.7544,0.0741,-0.0128,0.0481,0.0406
2019-02-09,A,2019-03-15,72.50,Call,4.65,4.85,0.2907,0.7147,0.0498,-0.0366,0.0797,0.0473
2019-02-16,EBAY,2019-04-18,34.00,Put,0.69,0.79,0.3022,-0.2567,0.0722,-0.0113,0.0483,-0.0149
2019-02-09,A,2019-03-15,72.50,Put,1.15,1.28,0.2829,-0.2820,0.0514,-0.0308,0.0804,-0.0192
2019-02-16,EBAY,2019-04-18,35.00,Call,2.60,2.71,0.3001,0.6649,0.0819,-0.0150,0.0539,0.0362
2019-02-09,A,2019-03-15,75.00,Call,2.99,3.15,0.2741,0.5779,0.0609,-0.0389,0.0918,0.0390
2019-02-16,EBAY,2019-04-18,35.00,Put,0.82,1.21,0.2903,-0.3338,0.0852,-0.0121,0.0540,-0.0190
2019-02-09,A,2019-03-15,75.00,Put,2.03,2.12,0.2716,-0.4243,0.0622,-0.0337,0.0916,-0.0279
2019-02-16,EBAY,2019-04-18,36.00,Call,2.02,2.10,0.2964,0.5781,0.0887,-0.0155,0.0583,0.0317
2019-02-09,A,2019-03-15,77.50,Call,1.74,1.86,0.2627,0.4200,0.0634,-0.0366,0.0917,0.0288
2019-02-16,EBAY,2019-04-18,36.00,Put,1.22,1.60,0.2857,-0.4244,0.0936,-0.0127,0.0581,-0.0235
2019-02-09,A,2019-03-15,77.50,Put,3.20,3.40,0.2594,-0.5862,0.0654,-0.0313,0.0919,-0.0360
2019-02-09,A,2019-03-15,80.00,Call,0.85,0.91,0.2460,0.2617,0.0564,-0.0282,0.0763,0.0181
2019-02-09,A,2019-03-15,80.00,Put,4.85,5.05,0.2500,-0.7429,0.0575,-0.0240,0.0777,-0.0401
2019-02-16,EBAY,2019-04-18,37.00,Call,1.47,1.73,0.3000,0.4890,0.0897,-0.0158,0.0592,0.0272
2019-02-16,EBAY,2019-04-18,37.00,Put,1.67,2.15,0.2827,-0.5197,0.0967,-0.0126,0.0591,-0.0277
2019-02-09,A,2019-03-15,82.50,Call,0.36,0.42,0.2388,0.1409,0.0399,-0.0186,0.0524,0.0099
2019-02-16,EBAY,2019-04-18,38.00,Call,1.10,1.13,0.2845,0.3954,0.0913,-0.0144,0.0576,0.0224
2019-02-09,A,2019-03-15,82.50,Put,6.85,7.10,0.2437,-0.8668,0.0421,-0.0146,0.0519,-0.0366
2019-02-16,EBAY,2019-04-18,38.00,Put,2.40,2.69,0.2873,-0.6098,0.0924,-0.0121,0.0572,-0.0312
2019-02-09,A,2019-03-15,85.00,Call,0.14,0.18,0.2366,0.0675,0.0235,-0.0107,0.0306,0.0047
2019-02-16,EBAY,2019-04-18,39.00,Call,0.72,0.86,0.2819,0.3104,0.0844,-0.0130,0.0538,0.0177
2019-02-09,A,2019-03-15,85.00,Put,9.15,9.50,0.2623,-0.9253,0.0283,-0.0097,0.0346,-0.0302
2019-02-16,EBAY,2019-04-18,39.00,Put,2.93,3.40,0.2736,-0.7058,0.0889,-0.0100,0.0516,-0.0330
2019-02-09,AAL,2019-02-22,30.50,Call,5.45,5.60,0.3575,0.9922,0.0085,-0.0040,0.0015,0.0116
2019-02-16,EBAY,2019-04-18,40.00,Call,0.48,0.53,0.2709,0.2272,0.0750,-0.0106,0.0446,0.0131
2019-02-09,AAL,2019-02-22,30.50,Put,0.00,0.05,0.4060,-0.0163,0.0142,-0.0041,0.0029,-0.0002
2019-02-16,EBAY,2019-04-18,40.00,Put,3.70,4.15,0.2696,-0.7867,0.0783,-0.0080,0.0430,-0.0332
2019-02-16,EBAY,2019-04-18,42.00,Call,0.10,0.21,0.2709,0.1174,0.0488,-0.0068,0.0293,0.0068
2019-02-09,AAL,2019-02-22,32.50,Call,3.55,3.65,0.3508,0.9380,0.0495,-0.0129,0.0086,0.0116
2019-02-16,EBAY,2019-04-18,42.00,Put,4.20,7.15,0.2696,-0.9023,0.0509,-0.0040,0.0266,-0.0285
2019-02-09,AAL,2019-02-22,32.50,Put,0.09,0.12,0.3889,-0.0816,0.0551,-0.0146,0.0106,-0.0012
2019-02-16,ECL,2019-03-01,139.00,Call,22.10,26.20,0.2788,0.9987,0.0005,-0.0109,0.0013,0.0531
2019-02-09,AAL,2019-02-22,33.50,Call,2.67,2.75,0.3516,0.8631,0.0885,-0.0214,0.0154,0.0109
2019-02-16,ECL,2019-03-01,139.00,Put,0.00,1.00,0.2788,-0.0013,0.0005,-0.0013,0.0013,-0.0001
2019-02-09,AAL,2019-02-22,33.50,Put,0.18,0.22,0.3659,-0.1459,0.0887,-0.0207,0.0161,-0.0021
2019-02-16,ECL,2019-03-01,147.00,Call,14.30,18.70,0.2788,0.9768,0.0062,-0.0274,0.0176,0.0548
2019-02-16,ECL,2019-03-01,147.00,Put,0.10,1.05,0.2788,-0.0232,0.0062,-0.0172,0.0176,-0.0015
2019-02-09,AAL,2019-02-22,34.50,Call,1.87,1.94,0.3443,0.7516,0.1305,-0.0292,0.0223,0.0096
2019-02-09,AAL,2019-02-22,34.50,Put,0.35,0.39,0.3431,-0.2481,0.1315,-0.0268,0.0221,-0.0033
2019-02-16,ECL,2019-03-01,152.50,Call,8.90,12.70,0.2788,0.9064,0.0187,-0.0628,0.0535,0.0524
2019-02-09,AAL,2019-02-22,35.50,Call,1.17,1.24,0.3272,0.6047,0.1670,-0.0332,0.0271,0.0079
2019-02-16,ECL,2019-03-01,152.50,Put,0.30,0.50,0.2788,-0.0935,0.0188,-0.0524,0.0551,-0.0056
2019-02-09,AAL,2019-02-22,35.50,Put,0.64,0.70,0.3263,-0.3960,0.1688,-0.0309,0.0270,-0.0051
2019-02-16,ECL,2019-03-01,157.50,Call,4.80,7.80,0.1411,0.9189,0.0333,-0.0342,0.0481,0.0552
2019-02-09,AAL,2019-02-22,36.00,Call,0.88,0.95,0.3193,0.5187,0.1771,-0.0333,0.0281,0.0068
2019-02-09,AAL,2019-02-22,36.00,Put,0.85,0.92,0.3204,-0.4827,0.1782,-0.0312,0.0281,-0.0060
2019-02-16,ECL,2019-03-01,157.50,Put,0.75,1.05,0.2415,-0.2029,0.0367,-0.0761,0.0931,-0.0120
2019-02-16,ECL,2019-03-01,160.00,Call,3.80,5.50,0.1908,0.7325,0.0539,-0.0798,0.1053,0.0441
2019-02-09,AAL,2019-02-22,36.50,Call,0.65,0.69,0.3120,0.4289,0.1785,-0.0319,0.0277,0.0057
2019-02-16,ECL,2019-03-01,160.00,Put,1.15,1.60,0.2236,-0.2970,0.0487,-0.0857,0.1131,-0.0171
2019-02-09,AAL,2019-02-22,36.50,Put,1.12,1.18,0.3164,-0.5718,0.1779,-0.0301,0.0275,-0.0069
2019-02-16,ECL,2019-03-01,162.50,Call,2.85,3.70,0.2097,0.5755,0.0584,-0.1002,0.1254,0.0348
2019-02-09,AAL,2019-02-22,37.50,Call,0.31,0.35,0.3046,0.2616,0.1516,-0.0256,0.0229,0.0035
2019-02-16,ECL,2019-03-01,162.50,Put,1.85,2.40,0.2078,-0.4258,0.0595,-0.0891,0.1255,-0.0237
2019-02-09,AAL,2019-02-22,37.50,Put,1.79,1.84,0.3114,-0.7369,0.1517,-0.0241,0.0233,-0.0081
2019-02-16,ECL,2019-03-01,167.50,Call,0.85,1.20,0.1930,0.2748,0.0540,-0.0767,0.1068,0.0168
2019-02-09,AAL,2019-02-22,38.50,Call,0.13,0.16,0.3018,0.1378,0.1035,-0.0171,0.0155,0.0018
2019-02-09,AAL,2019-02-22,38.50,Put,2.60,2.69,0.3195,-0.8527,0.1065,-0.0170,0.0166,-0.0082
2019-02-09,AAL,2019-02-22,39.50,Call,0.05,0.09,0.3151,0.0725,0.0621,-0.0111,0.0097,0.0010
2019-02-09,AAL,2019-02-22,39.50,Put,3.50,3.65,0.3442,-0.9140,0.0697,-0.0121,0.0114,-0.0075
2019-02-16,ECL,2019-03-01,167.50,Put,3.50,5.50,0.1519,-0.7883,0.0629,-0.0440,0.0948,-0.0332
2019-02-09,AAL,2019-02-22,41.50,Call,0.00,0.04,0.3151,0.0120,0.0140,-0.0025,0.0022,0.0002
2019-02-09,AAL,2019-02-22,41.50,Put,5.45,5.60,0.3442,-0.9901,0.0215,-0.0017,0.0022,-0.0020
2019-02-16,ECL,2019-03-01,170.00,Call,0.35,0.60,0.1878,0.1541,0.0395,-0.0527,0.0760,0.0095
2019-02-09,AAL,2019-03-08,30.50,Call,5.25,6.00,0.3959,0.9435,0.0288,-0.0100,0.0113,0.0217
2019-02-16,ECL,2019-03-01,170.00,Put,5.70,7.60,0.1519,-0.9119,0.0389,-0.0222,0.0548,-0.0265
2019-02-09,AAL,2019-03-08,30.50,Put,0.05,0.33,0.4164,-0.0652,0.0306,-0.0093,0.0127,-0.0019
2019-02-16,ECL,2019-03-01,175.00,Call,0.00,0.95,0.1878,0.0353,0.0130,-0.0171,0.0249,0.0022
2019-02-09,AAL,2019-03-08,32.50,Call,3.75,4.10,0.4039,0.8384,0.0608,-0.0194,0.0244,0.0201
2019-02-16,ECL,2019-03-01,175.00,Put,9.90,14.00,0.1519,-1.0000,0.0000,0.0000,0.0000,0.0000
2019-02-09,AAL,2019-03-08,32.50,Put,0.24,0.33,0.3713,-0.1433,0.0614,-0.0147,0.0236,-0.0039
2019-02-16,ECL,2019-03-01,180.00,Call,0.00,0.95,0.1878,0.0050,0.0024,-0.0032,0.0047,0.0003
2019-02-09,AAL,2019-03-08,33.50,Call,2.97,3.15,0.3718,0.7792,0.0800,-0.0214,0.0296,0.0192
2019-02-16,ECL,2019-03-01,180.00,Put,14.60,19.00,0.1519,-1.0000,0.0000,0.0000,0.0000,0.0000
2019-02-16,ECL,2019-03-01,187.50,Call,0.00,2.25,0.1878,0.0001,0.0001,-0.0001,0.0001,0.0000
2019-02-09,AAL,2019-03-08,33.50,Put,0.44,0.52,0.3665,-0.2182,0.0812,-0.0188,0.0301,-0.0058
2019-02-16,ECL,2019-03-01,187.50,Put,22.10,26.50,0.1519,-1.0000,0.0000,0.0000,0.0000,0.0000
2019-02-09,AAL,2019-03-08,34.50,Call,2.24,2.45,0.3669,0.6876,0.0968,-0.0247,0.0353,0.0172
2019-02-16,ECL,2019-03-15,140.00,Call,21.30,25.80,0.1452,1.0000,0.0000,-0.0096,0.0001,0.1070
2019-02-16,ECL,2019-03-15,140.00,Put,0.00,0.85,0.2330,-0.0068,0.0018,-0.0035,0.0086,-0.0009
2019-02-09,AAL,2019-03-08,34.50,Put,0.69,0.90,0.3710,-0.3148,0.0967,-0.0228,0.0349,-0.0083
2019-02-16,ECL,2019-03-15,145.00,Call,16.70,20.90,0.1452,0.9989,0.0006,-0.0104,0.0017,0.1107
2019-02-09,AAL,2019-03-08,35.50,Call,1.59,1.79,0.3516,0.5841,0.1113,-0.0258,0.0389,0.0148
2019-02-16,ECL,2019-03-15,145.00,Put,0.00,0.35,0.2330,-0.0273,0.0060,-0.0115,0.0284,-0.0035
2019-02-09,AAL,2019-03-08,35.50,Put,1.04,1.28,0.3604,-0.4185,0.1097,-0.0242,0.0389,-0.0108
2019-02-16,ECL,2019-03-15,150.00,Call,12.80,14.80,0.1452,0.9865,0.0053,-0.0142,0.0157,0.1129
2019-02-09,AAL,2019-03-08,36.00,Call,1.32,1.52,0.3486,0.5273,0.1145,-0.0259,0.0397,0.0135
2019-02-16,ECL,2019-03-15,150.00,Put,0.30,0.50,0.2330,-0.0811,0.0143,-0.0275,0.0714,-0.0098
2019-02-09,AAL,2019-03-08,36.00,Put,1.26,1.46,0.3501,-0.4746,0.1154,-0.0238,0.0397,-0.0120
2019-02-16,ECL,2019-03-15,155.00,Call,8.90,10.10,0.1986,0.8489,0.0261,-0.0466,0.1060,0.0990
2019-02-09,AAL,2019-03-08,36.50,Call,1.06,1.17,0.3296,0.4665,0.1210,-0.0244,0.0396,0.0120
2019-02-16,ECL,2019-03-15,155.00,Put,0.75,1.00,0.2124,-0.1667,0.0262,-0.0413,0.1186,-0.0196
2019-02-09,AAL,2019-03-08,36.50,Put,1.52,1.59,0.3307,-0.5359,0.1221,-0.0222,0.0396,-0.0132
2019-02-16,ECL,2019-03-15,160.00,Call,5.00,5.70,0.1735,0.6958,0.0446,-0.0566,0.1583,0.0830
2019-02-09,AAL,2019-03-08,37.50,Call,0.67,0.86,0.3357,0.3551,0.1112,-0.0231,0.0371,0.0092
2019-02-09,AAL,2019-03-08,37.50,Put,2.13,2.35,0.3461,-0.6432,0.1100,-0.0216,0.0368,-0.0152
2019-02-16,ECL,2019-03-15,160.00,Put,1.75,1.95,0.1908,-0.3210,0.0420,-0.0522,0.1636,-0.0363
2019-02-09,AAL,2019-03-08,38.50,Call,0.40,0.60,0.3380,0.2579,0.0959,-0.0201,0.0322,0.0067
2019-02-16,ECL,2019-03-15,165.00,Call,2.25,2.60,0.1650,0.4452,0.0530,-0.0576,0.1788,0.0539
2019-02-09,AAL,2019-03-08,38.50,Put,2.85,3.05,0.3419,-0.7445,0.0971,-0.0181,0.0326,-0.0163
2019-02-16,ECL,2019-03-15,165.00,Put,3.40,4.20,0.1729,-0.5573,0.0518,-0.0501,0.1796,-0.0570
2019-02-09,AAL,2019-03-08,39.50,Call,0.21,0.50,0.3375,0.1774,0.0773,-0.0161,0.0259,0.0047
2019-02-09,AAL,2019-03-08,39.50,Put,3.60,3.90,0.3375,-0.8296,0.0792,-0.0137,0.0262,-0.0163
2019-02-16,ECL,2019-03-15,170.00,Call,0.70,0.95,0.1599,0.2067,0.0395,-0.0392,0.1292,0.0252
2019-02-09,AAL,2019-03-08,41.50,Call,0.05,0.12,0.3182,0.0609,0.0380,-0.0070,0.0120,0.0016
2019-02-16,ECL,2019-03-15,170.00,Put,7.10,8.00,0.1940,-0.7568,0.0376,-0.0428,0.1419,-0.0668
2019-02-09,AAL,2019-03-08,41.50,Put,5.30,5.90,0.3443,-0.9329,0.0443,-0.0066,0.0137,-0.0128
2019-02-16,ECL,2019-03-15,175.00,Call,0.15,0.30,0.1599,0.0704,0.0186,-0.0182,0.0610,0.0086
2019-02-09,AAL,2019-03-29,30.50,Call,5.75,6.05,0.3986,0.8912,0.0355,-0.0119,0.0246,0.0351
2019-02-16,ECL,2019-03-15,175.00,Put,10.30,13.20,0.1940,-0.9020,0.0235,-0.0214,0.0799,-0.0542
2019-02-09,AAL,2019-03-29,30.50,Put,0.26,0.66,0.3986,-0.1088,0.0357,-0.0098,0.0242,-0.0052
2019-02-16,ECL,2019-03-15,180.00,Call,0.00,0.70,0.1599,0.0175,0.0060,-0.0058,0.0195,0.0022
2019-02-09,AAL,2019-03-29,32.50,Call,4.10,4.35,0.3800,0.7966,0.0564,-0.0162,0.0373,0.0328
2019-02-16,ECL,2019-03-15,180.00,Put,14.60,19.00,0.1940,-0.9823,0.0121,-0.0044,0.0232,-0.0143
2019-02-09,AAL,2019-03-29,32.50,Put,0.50,0.98,0.4128,-0.2197,0.0547,-0.0159,0.0397,-0.0105
2019-02-09,AAL,2019-03-29,33.50,Call,3.35,3.55,0.3665,0.7355,0.0677,-0.0178,0.0431,0.0309
2019-02-16,ECL,2019-03-15,190.00,Call,0.00,0.65,0.1599,0.0004,0.0002,-0.0002,0.0007,0.0001
2019-02-16,ECL,2019-03-15,190.00,Put,24.50,29.00,0.1940,-1.0000,0.0000,0.0000,0.0000,0.0000
2019-02-09,AAL,2019-03-29,33.50,Put,0.71,1.01,0.3718,-0.2679,0.0677,-0.0159,0.0430,-0.0126
2019-02-09,AAL,2019-03-29,34.50,Call,2.70,2.91,0.3670,0.6591,0.0758,-0.0196,0.0484,0.0281
2019-02-16,ECL,2019-04-18,140.00,Call,22.40,25.80,0.2499,0.9481,0.0068,-0.0249,0.0760,0.1654
2019-02-09,AAL,2019-03-29,34.50,Put,1.10,1.36,0.3753,-0.3447,0.0752,-0.0178,0.0481,-0.0159
2019-02-16,ECL,2019-04-18,140.00,Put,0.35,0.50,0.2508,-0.0571,0.0069,-0.0151,0.0804,-0.0151
2019-02-09,AAL,2019-03-29,35.50,Call,2.07,2.32,0.3583,0.5788,0.0828,-0.0202,0.0516,0.0250
2019-02-16,ECL,2019-04-18,145.00,Call,18.00,20.20,0.2028,0.9392,0.0095,-0.0239,0.0861,0.1784
2019-02-09,AAL,2019-03-29,35.50,Put,1.52,1.59,0.3537,-0.4233,0.0850,-0.0177,0.0514,-0.0191
2019-02-16,ECL,2019-04-18,145.00,Put,0.55,0.70,0.2258,-0.0867,0.0106,-0.0185,0.1079,-0.0227
2019-02-09,AAL,2019-03-29,36.00,Call,1.80,2.10,0.3596,0.5368,0.0838,-0.0205,0.0524,0.0233
2019-02-16,ECL,2019-04-18,150.00,Call,14.00,15.00,0.1912,0.8807,0.0163,-0.0309,0.1359,0.1939
2019-02-09,AAL,2019-03-29,36.00,Put,1.71,1.96,0.3600,-0.4660,0.0850,-0.0182,0.0523,-0.0208
2019-02-16,ECL,2019-04-18,150.00,Put,0.90,1.05,0.2032,-0.1370,0.0164,-0.0229,0.1535,-0.0351
2019-02-09,AAL,2019-03-29,36.50,Call,1.51,1.85,0.3522,0.4939,0.0859,-0.0201,0.0526,0.0216
2019-02-16,ECL,2019-04-18,155.00,Call,9.50,10.70,0.1723,0.7944,0.0253,-0.0360,0.1944,0.1910
2019-02-09,AAL,2019-03-29,36.50,Put,1.95,2.26,0.3601,-0.5082,0.0853,-0.0182,0.0523,-0.0224
2019-02-16,ECL,2019-04-18,155.00,Put,1.50,1.80,0.1846,-0.2245,0.0246,-0.0278,0.2022,-0.0560
2019-02-09,AAL,2019-03-29,37.50,Call,1.12,1.40,0.3483,0.4095,0.0846,-0.0192,0.0512,0.0181
2019-02-16,ECL,2019-04-18,160.00,Call,6.10,6.70,0.1629,0.6486,0.0345,-0.0405,0.2497,0.1652
2019-02-09,AAL,2019-03-29,37.50,Put,2.54,2.76,0.3494,-0.5947,0.0859,-0.0169,0.0506,-0.0252
2019-02-16,ECL,2019-04-18,160.00,Put,2.85,3.20,0.1755,-0.3653,0.0328,-0.0323,0.2510,-0.0872
2019-02-09,AAL,2019-03-29,38.50,Call,0.79,1.05,0.3445,0.3295,0.0797,-0.0176,0.0477,0.0147
2019-02-16,ECL,2019-04-18,165.00,Call,3.30,3.90,0.1573,0.4650,0.0381,-0.0395,0.2666,0.1218
2019-02-09,AAL,2019-03-29,38.50,Put,3.20,3.40,0.3432,-0.6774,0.0817,-0.0151,0.0469,-0.0272
2019-02-16,ECL,2019-04-18,165.00,Put,4.90,5.50,0.1676,-0.5407,0.0367,-0.0309,0.2646,-0.1199
2019-02-09,AAL,2019-03-29,39.50,Call,0.51,0.70,0.3294,0.2483,0.0729,-0.0146,0.0417,0.0112
2019-02-16,ECL,2019-04-18,170.00,Call,1.50,1.80,0.1485,0.2777,0.0340,-0.0305,0.2292,0.0741
2019-02-09,AAL,2019-03-29,39.50,Put,3.85,4.15,0.3305,-0.7591,0.0749,-0.0123,0.0415,-0.0281
2019-02-16,ECL,2019-04-18,170.00,Put,7.90,8.70,0.1608,-0.7202,0.0332,-0.0222,0.2219,-0.1430
2019-02-09,AAL,2019-03-29,41.50,Call,0.21,0.41,0.3366,0.1438,0.0511,-0.0106,0.0299,0.0065
2019-02-16,ECL,2019-04-18,175.00,Call,0.55,0.75,0.1447,0.1366,0.0227,-0.0189,0.1458,0.0361
2019-02-09,AAL,2019-03-29,41.50,Put,5.55,5.95,0.3506,-0.8564,0.0537,-0.0091,0.0312,-0.0270
2019-02-16,ECL,2019-04-18,175.00,Put,11.90,12.90,0.1652,-0.8471,0.0233,-0.0123,0.1592,-0.1514
2019-02-16,ECL,2019-04-18,180.00,Call,0.05,0.25,0.1447,0.0579,0.0120,-0.0098,0.0772,0.0154
2019-02-09,AAP,2019-02-15,140.00,Call,22.10,23.30,0.4488,0.9924,0.0021,-0.0247,0.0047,0.0266
2019-02-16,ECL,2019-04-18,180.00,Put,16.10,18.50,0.1652,-0.9313,0.0135,-0.0013,0.0927,-0.1502
2019-02-09,AAP,2019-02-15,140.00,Put,0.05,0.15,0.4488,-0.0076,0.0021,-0.0150,0.0047,-0.0002
2019-02-16,ECL,2019-04-18,190.00,Call,0.00,0.95,0.1447,0.0064,0.0019,-0.0015,0.0121,0.0017
2019-02-16,ECL,2019-04-18,190.00,Put,24.50,29.20,0.1652,-0.9924,0.0023,0.0000,0.0167,-0.1067
2019-02-09,AAP,2019-02-15,145.00,Call,17.10,17.80,0.4488,0.9689,0.0070,-0.0604,0.0158,0.0268
2019-02-16,ED,2019-03-01,65.00,Call,13.30,14.20,0.1989,1.0000,0.0000,-0.0045,0.0000,0.0249
2019-02-09,AAP,2019-02-15,145.00,Put,0.10,0.15,0.4488,-0.0311,0.0070,-0.0503,0.0158,-0.0010
2019-02-16,ED,2019-03-01,65.00,Put,0.00,0.05,0.1989,0.0000,0.0000,0.0000,0.0000,0.0000
2019-02-09,AAP,2019-02-15,150.00,Call,12.20,13.00,0.3309,0.9616,0.0112,-0.0544,0.0188,0.0275
2019-02-16,ED,2019-03-01,70.50,Call,7.70,9.90,0.1989,0.9975,0.0025,-0.0057,0.0012,0.0269
2019-02-09,AAP,2019-02-15,150.00,Put,0.15,0.25,0.3688,-0.0556,0.0135,-0.0659,0.0252,-0.0018
2019-02-16,ED,2019-03-01,70.50,Put,0.00,0.10,0.1989,-0.0025,0.0025,-0.0008,0.0012,-0.0001
2019-02-09,AAP,2019-02-15,155.00,Call,7.80,8.20,0.3197,0.8618,0.0307,-0.1226,0.0496,0.0253
2019-02-16,ED,2019-03-01,73.00,Call,5.40,6.40,0.1989,0.9721,0.0209,-0.0119,0.0098,0.0271
2019-02-09,AAP,2019-02-15,155.00,Put,0.50,0.65,0.3316,-0.1464,0.0309,-0.1211,0.0522,-0.0044
2019-02-16,ED,2019-03-01,73.00,Put,0.00,0.10,0.1989,-0.0279,0.0209,-0.0068,0.0098,-0.0009
2019-02-16,ED,2019-03-01,75.50,Call,3.10,3.40,0.1782,0.8781,0.0738,-0.0243,0.0311,0.0252
2019-02-09,AAP,2019-02-15,160.00,Call,3.90,4.20,0.2945,0.6551,0.0557,-0.1815,0.0828,0.0196
2019-02-16,ED,2019-03-01,75.50,Put,0.10,0.25,0.1782,-0.1218,0.0742,-0.0192,0.0328,-0.0035
2019-02-09,AAP,2019-02-15,160.00,Put,1.45,1.70,0.2955,-0.3459,0.0558,-0.1721,0.0834,-0.0100
2019-02-16,ED,2019-03-01,77.00,Call,1.90,2.15,0.1726,0.7324,0.1240,-0.0350,0.0506,0.0213
2019-02-09,AAP,2019-02-15,165.00,Call,1.25,1.60,0.2745,0.3503,0.0600,-0.1674,0.0833,0.0106
2019-02-16,ED,2019-03-01,77.00,Put,0.35,0.50,0.1691,-0.2646,0.1269,-0.0292,0.0514,-0.0073
2019-02-09,AAP,2019-02-15,165.00,Put,3.80,4.10,0.2752,-0.6513,0.0605,-0.1579,0.0820,-0.0170
2019-02-16,ED,2019-03-01,78.50,Call,0.90,1.10,0.1561,0.5203,0.1661,-0.0369,0.0612,0.0153
2019-02-09,AAP,2019-02-15,170.00,Call,0.20,0.35,0.2542,0.1026,0.0313,-0.0742,0.0402,0.0031
2019-02-16,ED,2019-03-01,78.50,Put,0.85,1.00,0.1570,-0.4830,0.1677,-0.0322,0.0612,-0.0124
2019-02-16,ED,2019-03-01,80.00,Call,0.30,0.45,0.1475,0.2732,0.1467,-0.0284,0.0511,0.0081
2019-02-09,AAP,2019-02-15,170.00,Put,7.60,8.10,0.2650,-0.8922,0.0326,-0.0721,0.0415,-0.0176
2019-02-16,ED,2019-03-01,80.00,Put,1.70,1.90,0.1472,-0.7350,0.1508,-0.0235,0.0504,-0.0159
2019-02-16,ED,2019-03-01,81.50,Call,0.05,0.15,0.1591,0.1244,0.0839,-0.0186,0.0315,0.0037
2019-02-09,AAP,2019-02-15,175.00,Call,0.00,0.15,0.2542,0.0183,0.0078,-0.0185,0.0101,0.0006
2019-02-16,ED,2019-03-01,81.50,Put,2.95,3.20,0.1591,-0.8880,0.0879,-0.0138,0.0309,-0.0141
2019-02-09,AAP,2019-02-15,175.00,Put,12.10,13.00,0.2650,-0.9852,0.0096,-0.0122,0.0093,-0.0069
2019-02-16,ED,2019-03-01,84.00,Call,0.00,0.05,0.1591,0.0169,0.0171,-0.0037,0.0064,0.0005
2019-02-09,AAP,2019-02-15,180.00,Call,0.00,0.10,0.2542,0.0019,0.0011,-0.0025,0.0014,0.0001
2019-02-16,ED,2019-03-01,84.00,Put,5.00,5.80,0.1591,-1.0000,0.0016,0.0000,0.0000,0.0000
2019-02-09,AAP,2019-02-15,180.00,Put,17.30,18.10,0.2650,-1.0000,0.0000,0.0000,0.0000,0.0000
2019-02-09,AAP,2019-02-15,185.00,Call,0.00,0.10,0.2542,0.0001,0.0001,-0.0002,0.0001,0.0000
2019-02-16,ED,2019-03-01,85.00,Call,0.00,0.05,0.1591,0.0062,0.0071,-0.0016,0.0027,0.0002
2019-02-09,AAP,2019-02-15,185.00,Put,22.30,23.10,0.2650,-1.0000,0.0000,0.0000,0.0000,0.0000
2019-02-16,ED,2019-03-01,85.00,Put,6.10,6.70,0.1591,-1.0000,0.0000,0.0000,0.0000,0.0000
2019-02-16,ED,2019-03-01,90.00,Call,0.00,0.05,0.1591,0.0000,0.0000,0.0000,0.0000,0.0000
2019-02-09,AAP,2019-03-15,140.00,Call,24.50,25.10,0.5015,0.8532,0.0091,-0.0909,0.1155,0.1089
2019-02-16,ED,2019-03-01,90.00,Put,11.20,11.80,0.1591,-1.0000,0.0000,0.0000,0.0000,0.0000
2019-02-09,AAP,2019-03-15,140.00,Put,1.95,2.30,0.5077,-0.1494,0.0092,-0.0834,0.1163,-0.0234
2019-02-16,ED,2019-03-15,67.50,Call,10.90,12.00,0.2072,0.9965,0.0023,-0.0055,0.0023,0.0514
2019-02-09,AAP,2019-03-15,145.00,Call,20.40,21.10,0.4910,0.7991,0.0114,-0.1068,0.1411,0.1044
2019-02-16,ED,2019-03-15,67.50,Put,0.00,0.10,0.2072,-0.0035,0.0023,-0.0008,0.0023,-0.0002
2019-02-09,AAP,2019-03-15,145.00,Put,2.80,3.10,0.4878,-0.1999,0.0115,-0.0962,0.1408,-0.0311
2019-02-16,ED,2019-03-15,70.00,Call,8.30,9.30,0.2072,0.9805,0.0105,-0.0085,0.0103,0.0523
2019-02-09,AAP,2019-03-15,150.00,Call,16.60,17.10,0.4713,0.7372,0.0138,-0.1177,0.1639,0.0985
2019-02-16,ED,2019-03-15,70.00,Put,0.00,0.15,0.2072,-0.0195,0.0105,-0.0037,0.0103,-0.0012
2019-02-09,AAP,2019-03-15,150.00,Put,4.00,4.20,0.4720,-0.2636,0.0139,-0.1082,0.1637,-0.0406
2019-02-16,ED,2019-03-15,72.50,Call,6.10,6.50,0.2072,0.9267,0.0309,-0.0158,0.0302,0.0509
2019-02-09,AAP,2019-03-15,155.00,Call,13.10,13.60,0.4562,0.6623,0.0159,-0.1265,0.1837,0.0902
2019-02-16,ED,2019-03-15,72.50,Put,0.10,0.20,0.2072,-0.0733,0.0309,-0.0108,0.0302,-0.0045
2019-02-09,AAP,2019-03-15,155.00,Put,5.50,5.70,0.4573,-0.3389,0.0160,-0.1169,0.1828,-0.0515
2019-02-16,ED,2019-03-15,75.00,Call,3.80,4.20,0.1801,0.8367,0.0630,-0.0215,0.0536,0.0472
2019-02-09,AAP,2019-03-15,160.00,Call,10.10,10.50,0.4445,0.5774,0.0175,-0.1310,0.1967,0.0799
2019-02-16,ED,2019-03-15,75.00,Put,0.25,0.40,0.1758,-0.1584,0.0637,-0.0158,0.0537,-0.0089
2019-02-09,AAP,2019-03-15,160.00,Put,7.50,7.70,0.4485,-0.4242,0.0175,-0.1222,0.1960,-0.0633
2019-02-16,ED,2019-03-15,77.50,Call,1.90,2.10,0.1560,0.6429,0.1101,-0.0259,0.0811,0.0371
2019-02-09,AAP,2019-03-15,165.00,Call,7.50,8.00,0.4363,0.4874,0.0182,-0.1301,0.2004,0.0684
2019-02-09,AAP,2019-03-15,165.00,Put,9.80,10.30,0.4402,-0.5141,0.0182,-0.1211,0.1996,-0.0747
2019-02-16,ED,2019-03-15,77.50,Put,0.80,0.95,0.1593,-0.3628,0.1100,-0.0215,0.0825,-0.0191
2019-02-16,ED,2019-03-15,80.00,Call,0.65,0.80,0.1469,0.3465,0.1156,-0.0229,0.0802,0.0203
2019-02-09,AAP,2019-03-15,170.00,Call,5.40,5.90,0.4285,0.3976,0.0179,-0.1230,0.1938,0.0564
2019-02-16,ED,2019-03-15,80.00,Put,1.95,2.15,0.1426,-0.6688,0.1228,-0.0173,0.0795,-0.0295
2019-02-09,AAP,2019-03-15,170.00,Put,12.80,13.20,0.4350,-0.6030,0.0179,-0.1145,0.1931,-0.0850
2019-02-16,ED,2019-03-15,82.50,Call,0.10,0.20,0.1469,0.1247,0.0644,-0.0124,0.0447,0.0073
2019-02-09,AAP,2019-03-15,175.00,Call,3.70,4.10,0.4166,0.3101,0.0169,-0.1089,0.1773,0.0445
2019-02-16,ED,2019-03-15,82.50,Put,3.90,4.20,0.1426,-0.9054,0.0699,-0.0068,0.0383,-0.0224
2019-02-16,ED,2019-03-15,85.00,Call,0.00,0.10,0.1469,0.0296,0.0211,-0.0040,0.0146,0.0018
2019-02-09,AAP,2019-03-15,175.00,Put,16.00,16.60,0.4263,-0.6888,0.0168,-0.1016,0.1791,-0.0927
2019-02-16,ED,2019-03-15,85.00,Put,6.20,6.80,0.1426,-1.0000,0.0000,0.0000,0.0000,0.0000
2019-02-09,AAP,2019-03-15,180.00,Call,2.50,2.95,0.4154,0.2368,0.0148,-0.0947,0.1551,0.0342
2019-02-16,ED,2019-03-15,90.00,Call,0.00,0.05,0.1469,0.0005,0.0006,-0.0001,0.0004,0.0000
2019-02-09,AAP,2019-03-15,180.00,Put,19.60,20.40,0.4183,-0.7668,0.0150,-0.0848,0.1586,-0.0964
2019-02-16,ED,2019-03-15,90.00,Put,11.30,12.20,0.1426,-1.0000,0.0000,0.0000,0.0000,0.0000
2019-02-16,ED,2019-03-29,70.00,Call,8.60,9.20,0.2358,0.9347,0.0203,-0.0140,0.0339,0.0741
2019-02-09,AAP,2019-03-15,185.00,Call,1.60,2.00,0.4098,0.1725,0.0124,-0.0771,0.1284,0.0251
2019-02-16,ED,2019-03-29,70.00,Put,0.00,0.20,0.2358,-0.0652,0.0203,-0.0092,0.0352,-0.0057
2019-02-09,AAP,2019-03-15,185.00,Put,23.90,24.50,0.4220,-0.8261,0.0127,-0.0705,0.1344,-0.0964
2019-02-16,ED,2019-03-29,70.50,Call,7.70,10.40,0.2242,0.9322,0.0219,-0.0138,0.0348,0.0745
2019-02-09,AAPL,2019-02-22,145.00,Call,25.30,26.05,0.4236,0.9773,0.0038,-0.0371,0.0180,0.0540
2019-02-09,AAPL,2019-02-22,145.00,Put,0.06,0.08,0.3886,-0.0149,0.0029,-0.0172,0.0125,-0.0010
2019-02-16,ED,2019-03-29,70.50,Put,0.10,0.20,0.2242,-0.0676,0.0220,-0.0090,0.0370,-0.0059
2019-02-09,AAPL,2019-02-22,152.50,Call,17.90,18.55,0.3267,0.9627,0.0075,-0.0419,0.0271,0.0559
2019-02-16,ED,2019-03-29,73.00,Call,5.80,6.20,0.1878,0.8890,0.0379,-0.0157,0.0504,0.0733
2019-02-09,AAPL,2019-02-22,152.50,Put,0.12,0.16,0.3166,-0.0330,0.0070,-0.0274,0.0246,-0.0022
2019-02-16,ED,2019-03-29,73.00,Put,0.25,0.35,0.1923,-0.1165,0.0386,-0.0114,0.0552,-0.0099
2019-02-09,AAPL,2019-02-22,157.50,Call,13.30,13.55,0.2950,0.9208,0.0150,-0.0619,0.0492,0.0550
2019-02-16,ED,2019-03-29,75.50,Call,3.70,4.10,0.1782,0.7660,0.0646,-0.0213,0.0816,0.0646
2019-02-16,ED,2019-03-29,75.50,Put,0.55,0.70,0.1722,-0.2287,0.0668,-0.0154,0.0817,-0.0188
2019-02-09,AAPL,2019-02-22,157.50,Put,0.26,0.29,0.2763,-0.0664,0.0140,-0.0417,0.0434,-0.0042
2019-02-09,AAPL,2019-02-22,162.50,Call,8.75,8.90,0.2582,0.8376,0.0285,-0.0850,0.0820,0.0513
2019-02-16,ED,2019-03-29,77.00,Call,2.55,2.85,0.1612,0.6688,0.0845,-0.0220,0.0965,0.0572
2019-02-16,ED,2019-03-29,77.00,Put,0.85,1.05,0.1587,-0.3328,0.0874,-0.0167,0.0971,-0.0264
2019-02-09,AAPL,2019-02-22,162.50,Put,0.64,0.67,0.2455,-0.1507,0.0287,-0.0670,0.0811,-0.0093
2019-02-16,ED,2019-03-29,78.50,Call,1.60,1.85,0.1511,0.5340,0.0988,-0.0219,0.1058,0.0462
2019-02-09,AAPL,2019-02-22,167.50,Call,4.80,4.95,0.2350,0.6623,0.0466,-0.1099,0.1219,0.0414
2019-02-16,ED,2019-03-29,78.50,Put,1.40,1.60,0.1510,-0.4729,0.1018,-0.0169,0.1056,-0.0353
2019-02-09,AAPL,2019-02-22,167.50,Put,1.68,1.73,0.2265,-0.3337,0.0485,-0.0950,0.1232,-0.0199
2019-02-16,ED,2019-03-29,80.00,Call,0.90,1.15,0.1470,0.3847,0.0976,-0.0199,0.1017,0.0335
2019-02-09,AAPL,2019-02-22,170.00,Call,3.25,3.35,0.2261,0.5393,0.0526,-0.1132,0.1324,0.0340
2019-02-16,ED,2019-03-29,80.00,Put,2.15,2.45,0.1459,-0.6286,0.1025,-0.0148,0.1012,-0.0422
2019-02-09,AAPL,2019-02-22,170.00,Put,2.60,2.69,0.2191,-0.4621,0.0549,-0.0992,0.1326,-0.0266
2019-02-16,ED,2019-03-29,81.50,Call,0.45,0.60,0.1408,0.2427,0.0835,-0.0153,0.0832,0.0213
2019-02-09,AAPL,2019-02-22,175.00,Call,1.22,1.26,0.2178,0.2812,0.0464,-0.0909,0.1125,0.0179
2019-02-16,ED,2019-03-29,81.50,Put,3.20,3.60,0.1492,-0.7617,0.0860,-0.0117,0.0825,-0.0436
2019-02-09,AAPL,2019-02-22,175.00,Put,5.50,5.70,0.2099,-0.7317,0.0484,-0.0757,0.1097,-0.0364
2019-02-16,ED,2019-03-29,84.00,Call,0.10,0.30,0.1401,0.0905,0.0437,-0.0077,0.0434,0.0080
2019-02-09,AAPL,2019-02-22,177.50,Call,0.68,0.71,0.2172,0.1803,0.0362,-0.0701,0.0876,0.0115
2019-02-16,ED,2019-03-29,84.00,Put,5.40,5.70,0.1395,-0.9479,0.0520,-0.0029,0.0311,-0.0191
2019-02-16,ED,2019-03-29,85.00,Call,0.00,0.15,0.1401,0.0563,0.0304,-0.0053,0.0301,0.0050
2019-02-09,AAPL,2019-02-22,177.50,Put,7.45,7.65,0.2050,-0.8422,0.0374,-0.0520,0.0828,-0.0356
2019-02-16,ED,2019-03-29,85.00,Put,5.70,6.80,0.1395,-0.9902,0.0321,-0.0007,0.0116,-0.0012
2019-02-09,AAPL,2019-02-22,182.50,Call,0.20,0.23,0.2261,0.0662,0.0171,-0.0354,0.0429,0.0042
2019-02-16,ED,2019-03-29,90.00,Call,0.00,0.05,0.1401,0.0026,0.0022,-0.0004,0.0022,0.0002
2019-02-16,ED,2019-03-29,90.00,Put,10.50,11.90,0.1395,-1.0000,0.0000,0.0000,0.0000,0.0000
2019-02-09,AAPL,2019-02-22,182.50,Put,11.95,12.50,0.2321,-0.9388,0.0185,-0.0275,0.0437,-0.0275
2019-02-16,EFX,2019-03-01,93.00,Call,14.60,18.80,0.4888,0.9742,0.0075,-0.0353,0.0121,0.0151
2019-02-09,AAPL,2019-02-22,187.50,Call,0.08,0.11,0.2529,0.0296,0.0080,-0.0207,0.0225,0.0019
2019-02-16,EFX,2019-03-01,93.00,Put,0.00,2.45,0.4173,-0.0235,0.0062,-0.0174,0.0118,-0.0010
2019-02-09,AAPL,2019-02-22,187.50,Put,16.95,17.45,0.2926,-0.9563,0.0115,-0.0265,0.0319,-0.0258
2019-02-16,EFX,2019-03-01,98.50,Call,10.70,13.40,0.4888,0.8834,0.0219,-0.0908,0.0405,0.0206
2019-02-09,AAPL,2019-02-22,195.00,Call,0.02,0.05,0.2818,0.0082,0.0024,-0.0077,0.0075,0.0005
2019-02-16,EFX,2019-03-01,98.50,Put,0.00,2.55,0.4173,-0.0994,0.0197,-0.0550,0.0364,-0.0041
2019-02-09,AAPL,2019-02-22,195.00,Put,24.35,24.95,0.3340,-0.9875,0.0051,-0.0093,0.0114,-0.0116
2019-02-16,EFX,2019-03-01,102.00,Call,6.80,9.60,0.4888,0.7822,0.0308,-0.1249,0.0636,0.0233
2019-02-09,AAPL,2019-03-08,145.00,Call,25.90,26.15,0.3602,0.9543,0.0056,-0.0387,0.0453,0.1047
2019-02-16,EFX,2019-03-01,102.00,Put,0.00,2.15,0.4173,-0.1958,0.0312,-0.0868,0.0607,-0.0079
2019-02-09,AAPL,2019-03-08,145.00,Put,0.18,0.22,0.3269,-0.0321,0.0047,-0.0194,0.0340,-0.0043
2019-02-16,EFX,2019-03-01,105.00,Call,4.20,7.40,0.4888,0.6756,0.0361,-0.1449,0.0776,0.0236
2019-02-16,EFX,2019-03-01,105.00,Put,0.75,2.35,0.4173,-0.3085,0.0398,-0.1101,0.0751,-0.0123
2019-02-09,AAPL,2019-03-08,152.50,Call,18.60,18.90,0.3010,0.9188,0.0106,-0.0478,0.0709,0.1057
2019-02-16,EFX,2019-03-01,107.00,Call,4.20,5.80,0.4624,0.6029,0.0404,-0.1445,0.0826,0.0218
2019-02-09,AAPL,2019-03-08,152.50,Put,0.40,0.45,0.2836,-0.0697,0.0100,-0.0311,0.0631,-0.0094
2019-02-16,EFX,2019-03-01,107.00,Put,1.80,3.80,0.4624,-0.4010,0.0395,-0.1340,0.0832,-0.0159
2019-02-09,AAPL,2019-03-08,157.50,Call,14.00,14.25,0.2734,0.8653,0.0168,-0.0593,0.1023,0.1022
2019-02-16,EFX,2019-03-01,109.00,Call,3.00,4.60,0.4448,0.5201,0.0429,-0.1414,0.0847,0.0195
2019-02-09,AAPL,2019-03-08,157.50,Put,0.75,0.81,0.2604,-0.1239,0.0167,-0.0436,0.1011,-0.0155
2019-02-16,EFX,2019-03-01,109.00,Put,2.65,3.80,0.3798,-0.4851,0.0496,-0.1125,0.0850,-0.0186
2019-02-09,AAPL,2019-03-08,162.50,Call,9.75,9.95,0.2514,0.7721,0.0255,-0.0725,0.1426,0.0933
2019-02-16,EFX,2019-03-01,111.00,Call,1.10,3.30,0.3285,0.4035,0.0562,-0.1014,0.0835,0.0156
2019-02-09,AAPL,2019-03-08,162.50,Put,1.50,1.57,0.2448,-0.2231,0.0260,-0.0593,0.1459,-0.0273
2019-02-16,EFX,2019-03-01,111.00,Put,2.65,5.20,0.3285,-0.5997,0.0558,-0.0931,0.0834,-0.0219
2019-02-09,AAPL,2019-03-08,167.50,Call,6.15,6.35,0.2384,0.6268,0.0336,-0.0831,0.1787,0.0771
2019-02-16,EFX,2019-03-01,114.00,Call,0.30,2.75,0.3285,0.2541,0.0458,-0.0821,0.0683,0.0102
2019-02-09,AAPL,2019-03-08,167.50,Put,2.88,2.96,0.2322,-0.3727,0.0349,-0.0702,0.1795,-0.0440
2019-02-16,EFX,2019-03-01,114.00,Put,4.00,6.90,0.3285,-0.7494,0.0463,-0.0752,0.0692,-0.0251
2019-02-09,AAPL,2019-03-08,170.00,Call,4.70,4.85,0.2340,0.5397,0.0360,-0.0844,0.1873,0.0669
2019-02-16,EFX,2019-03-01,117.00,Call,0.05,1.50,0.3285,0.1433,0.0323,-0.0577,0.0482,0.0058
2019-02-09,AAPL,2019-03-08,170.00,Put,3.85,4.00,0.2269,-0.4629,0.0376,-0.0712,0.1874,-0.0532
2019-02-16,EFX,2019-03-01,117.00,Put,6.40,9.10,0.3285,-0.8614,0.0327,-0.0502,0.0491,-0.0256
2019-02-16,EFX,2019-03-01,120.00,Call,0.00,1.90,0.3285,0.0722,0.0196,-0.0350,0.0293,0.0029
2019-02-09,AAPL,2019-03-08,175.00,Call,2.45,2.52,0.2245,0.3575,0.0352,-0.0747,0.1761,0.0448
2019-02-16,EFX,2019-03-01,120.00,Put,9.20,12.80,0.3285,-0.9333,0.0196,-0.0266,0.0298,-0.0238
2019-02-09,AAPL,2019-03-08,175.00,Put,6.60,6.70,0.2170,-0.6540,0.0371,-0.0612,0.1734,-0.0679
2019-02-16,EFX,2019-03-01,125.00,Call,0.00,2.25,0.3285,0.0181,0.0064,-0.0113,0.0095,0.0007
2019-02-09,AAPL,2019-03-08,177.50,Call,1.67,1.76,0.2222,0.2743,0.0318,-0.0656,0.1573,0.0345
2019-02-16,EFX,2019-03-01,125.00,Put,13.70,18.20,0.3285,-0.9861,0.0057,-0.0016,0.0083,-0.0196
2019-02-16,EFX,2019-03-15,95.00,Call,14.10,16.90,0.5325,0.8468,0.0153,-0.0760,0.0696,0.0557
2019-02-09,AAPL,2019-03-08,177.50,Put,8.25,8.50,0.2129,-0.7438,0.0336,-0.0511,0.1556,-0.0708
2019-02-16,EFX,2019-03-15,95.00,Put,0.50,0.70,0.4067,-0.0988,0.0142,-0.0374,0.0524,-0.0087
2019-02-09,AAPL,2019-03-08,182.50,Call,0.73,0.77,0.2203,0.1444,0.0219,-0.0439,0.1072,0.0183
2019-02-16,EFX,2019-03-15,100.00,Call,10.20,10.80,0.3966,0.8043,0.0239,-0.0664,0.0851,0.0574
2019-02-09,AAPL,2019-03-08,182.50,Put,12.30,12.60,0.2055,-0.8878,0.0227,-0.0267,0.0942,-0.0606
2019-02-16,EFX,2019-03-15,100.00,Put,1.00,1.20,0.3611,-0.1779,0.0241,-0.0496,0.0789,-0.0145
2019-02-09,AAPL,2019-03-08,187.50,Call,0.32,0.36,0.2275,0.0729,0.0129,-0.0274,0.0653,0.0093
2019-02-16,EFX,2019-03-15,105.00,Call,6.30,6.80,0.3533,0.6715,0.0342,-0.0739,0.1100,0.0510
2019-02-09,AAPL,2019-03-08,187.50,Put,17.00,17.25,0.2015,-0.9726,0.0123,-0.0071,0.0337,-0.0240
2019-02-16,EFX,2019-03-15,105.00,Put,2.00,2.35,0.3297,-0.3206,0.0363,-0.0616,0.1096,-0.0252
2019-02-09,AAPL,2019-03-08,195.00,Call,0.11,0.14,0.2476,0.0285,0.0056,-0.0139,0.0308,0.0036
2019-02-16,EFX,2019-03-15,110.00,Call,3.20,3.60,0.3163,0.4812,0.0420,-0.0716,0.1196,0.0377
2019-02-09,AAPL,2019-03-08,195.00,Put,24.35,24.65,0.2476,-0.9922,0.0060,-0.0028,0.0130,-0.0053
2019-02-16,EFX,2019-03-15,110.00,Put,3.90,4.30,0.3009,-0.5242,0.0445,-0.0613,0.1196,-0.0388
2019-02-09,AAPL,2019-03-29,145.00,Call,26.35,26.70,0.3136,0.9324,0.0067,-0.0356,0.0816,0.1775
2019-02-16,EFX,2019-03-15,115.00,Call,1.30,1.55,0.2936,0.2726,0.0377,-0.0547,0.1014,0.0218
2019-02-09,AAPL,2019-03-29,145.00,Put,0.43,0.47,0.2927,-0.0556,0.0061,-0.0202,0.0700,-0.0133
2019-02-09,AAPL,2019-03-29,152.50,Call,19.40,19.65,0.2791,0.8793,0.0115,-0.0450,0.1253,0.1748
2019-02-16,EFX,2019-03-15,115.00,Put,6.90,7.50,0.2816,-0.7430,0.0393,-0.0446,0.1000,-0.0477
2019-02-09,AAPL,2019-03-29,152.50,Put,0.93,0.98,0.2684,-0.1125,0.0115,-0.0314,0.1225,-0.0248
2019-02-16,EFX,2019-03-15,120.00,Call,0.40,0.60,0.2849,0.1220,0.0236,-0.0320,0.0610,0.0098
2019-02-09,AAPL,2019-03-29,157.50,Call,15.05,15.35,0.2644,0.8155,0.0162,-0.0538,0.1663,0.1660
2019-02-16,EFX,2019-03-15,120.00,Put,10.80,11.70,0.2510,-0.9212,0.0225,-0.0153,0.0468,-0.0382
2019-02-09,AAPL,2019-03-29,157.50,Put,1.56,1.63,0.2549,-0.1775,0.0165,-0.0403,0.1617,-0.0386
2019-02-16,EFX,2019-03-15,125.00,Call,0.10,0.20,0.2849,0.0462,0.0113,-0.0152,0.0292,0.0037
2019-02-09,AAPL,2019-03-29,162.50,Call,11.15,11.40,0.2525,0.7251,0.0212,-0.0617,0.2082,0.1506
2019-02-16,EFX,2019-03-15,125.00,Put,14.40,18.10,0.2510,-0.9849,0.0071,0.0000,0.0127,-0.0229
2019-02-09,AAPL,2019-03-29,162.50,Put,2.61,2.70,0.2447,-0.2713,0.0219,-0.0487,0.2050,-0.0577
2019-02-16,EFX,2019-04-18,95.00,Call,15.30,15.80,0.3475,0.8568,0.0147,-0.0344,0.1020,0.1300
2019-02-09,AAPL,2019-03-29,167.50,Call,7.75,8.00,0.2422,0.6095,0.0254,-0.0661,0.2395,0.1287
2019-02-16,EFX,2019-04-18,95.00,Put,1.00,1.20,0.3358,-0.1365,0.0147,-0.0259,0.1019,-0.0244
2019-02-09,AAPL,2019-03-29,167.50,Put,4.20,4.35,0.2366,-0.3921,0.0264,-0.0538,0.2418,-0.0802
2019-02-16,EFX,2019-04-18,100.00,Call,11.10,11.60,0.3201,0.7741,0.0212,-0.0405,0.1343,0.1221
2019-02-09,AAPL,2019-03-29,170.00,Call,6.30,6.50,0.2371,0.5444,0.0268,-0.0661,0.2474,0.1158
2019-02-09,AAPL,2019-03-29,170.00,Put,5.20,5.40,0.2314,-0.4599,0.0280,-0.0537,0.2474,-0.0920
2019-02-16,EFX,2019-04-18,100.00,Put,1.75,1.95,0.3088,-0.2203,0.0217,-0.0318,0.1343,-0.0386
2019-02-16,EFX,2019-04-18,105.00,Call,7.30,7.70,0.2880,0.6583,0.0288,-0.0434,0.1618,0.1076
2019-02-09,AAPL,2019-03-29,175.00,Call,3.95,4.10,0.2303,0.4085,0.0270,-0.0617,0.2424,0.0879
2019-02-16,EFX,2019-04-18,105.00,Put,2.95,3.20,0.2840,-0.3429,0.0295,-0.0357,0.1620,-0.0580
2019-02-09,AAPL,2019-03-29,175.00,Put,7.80,8.00,0.2229,-0.6033,0.0286,-0.0487,0.2383,-0.1116
2019-02-16,EFX,2019-04-18,110.00,Call,4.40,4.60,0.2692,0.5019,0.0334,-0.0430,0.1782,0.0843
2019-02-09,AAPL,2019-03-29,177.50,Call,3.00,3.15,0.2263,0.3416,0.0260,-0.0569,0.2291,0.0739
2019-02-16,EFX,2019-04-18,110.00,Put,4.80,5.30,0.2643,-0.5041,0.0347,-0.0351,0.1778,-0.0800
2019-02-09,AAPL,2019-03-29,177.50,Put,9.40,9.60,0.2203,-0.6733,0.0275,-0.0442,0.2280,-0.1175
2019-02-16,EFX,2019-04-18,115.00,Call,2.25,2.50,0.2548,0.3342,0.0322,-0.0365,0.1599,0.0573
2019-02-09,AAPL,2019-03-29,182.50,Call,1.68,1.78,0.2226,0.2244,0.0216,-0.0451,0.1869,0.0490
2019-02-16,EFX,2019-04-18,115.00,Put,7.60,8.20,0.2466,-0.6822,0.0341,-0.0278,0.1574,-0.0955
2019-02-09,AAPL,2019-03-29,182.50,Put,13.05,13.30,0.2136,-0.8012,0.0231,-0.0311,0.1769,-0.1168
2019-02-16,EFX,2019-04-18,120.00,Call,1.00,1.20,0.2452,0.1909,0.0250,-0.0259,0.1230,0.0333
2019-02-16,EFX,2019-04-18,120.00,Put,11.30,12.10,0.2363,-0.8367,0.0268,-0.0169,0.1129,-0.0897
2019-02-09,AAPL,2019-03-29,187.50,Call,0.88,0.96,0.2211,0.1364,0.0158,-0.0324,0.1364,0.0299
2019-02-16,EFX,2019-04-18,125.00,Call,0.40,0.50,0.2390,0.0941,0.0158,-0.0154,0.0747,0.0164
2019-02-09,AAPL,2019-03-29,187.50,Put,17.30,17.60,0.2091,-0.8999,0.0170,-0.0174,0.1105,-0.0922
2019-02-16,EFX,2019-04-18,125.00,Put,14.50,18.20,0.2574,-0.9097,0.0182,-0.0112,0.0761,-0.0744
2019-02-09,AAPL,2019-03-29,195.00,Call,0.34,0.39,0.2265,0.0616,0.0086,-0.0183,0.0759,0.0136
2019-02-16,EIX,2019-03-15,52.50,Call,8.20,8.90,0.4556,0.8856,0.0254,-0.0295,0.0324,0.0345
2019-02-09,AAPL,2019-03-29,195.00,Put,24.40,24.70,0.2265,-0.9660,0.0101,-0.0070,0.0506,-0.0445
2019-02-16,EIX,2019-03-15,52.50,Put,0.15,0.45,0.4556,-0.1142,0.0254,-0.0260,0.0323,-0.0053
2019-02-09,ABBV,2019-02-22,70.00,Call,9.35,10.10,0.3255,0.9811,0.0091,-0.0131,0.0072,0.0262
2019-02-16,EIX,2019-03-15,55.00,Call,5.90,6.50,0.3832,0.8340,0.0388,-0.0316,0.0417,0.0339
2019-02-16,EIX,2019-03-15,55.00,Put,0.30,0.65,0.3832,-0.1660,0.0391,-0.0280,0.0436,-0.0075
2019-02-09,ABBV,2019-02-22,70.00,Put,0.03,0.07,0.3178,-0.0167,0.0084,-0.0073,0.0065,-0.0005
2019-02-09,ABBV,2019-02-22,71.50,Call,8.05,8.60,0.3255,0.9595,0.0171,-0.0206,0.0136,0.0261
2019-02-16,EIX,2019-03-15,57.50,Call,3.20,4.40,0.2832,0.7620,0.0653,-0.0292,0.0518,0.0324
2019-02-09,ABBV,2019-02-22,71.50,Put,0.06,0.09,0.3178,-0.0371,0.0163,-0.0141,0.0126,-0.0012
2019-02-16,EIX,2019-03-15,57.50,Put,0.75,0.90,0.3084,-0.2549,0.0626,-0.0288,0.0552,-0.0112
2019-02-09,ABBV,2019-02-22,74.00,Call,5.40,6.10,0.1625,0.9910,0.0096,-0.0073,0.0038,0.0281
2019-02-16,EIX,2019-03-15,60.00,Call,2.05,2.40,0.2862,0.5670,0.0821,-0.0359,0.0658,0.0246
2019-02-09,ABBV,2019-02-22,74.00,Put,0.14,0.17,0.2750,-0.0783,0.0341,-0.0220,0.0228,-0.0025
2019-02-09,ABBV,2019-02-22,76.50,Call,3.50,3.70,0.2343,0.8236,0.0709,-0.0382,0.0404,0.0238
2019-02-16,EIX,2019-03-15,60.00,Put,1.40,1.60,0.2685,-0.4329,0.0885,-0.0301,0.0656,-0.0181
2019-02-09,ABBV,2019-02-22,76.50,Put,0.36,0.40,0.2400,-0.1821,0.0710,-0.0345,0.0418,-0.0053
2019-02-16,EIX,2019-03-15,62.50,Call,0.75,1.10,0.2511,0.3425,0.0874,-0.0290,0.0615,0.0152
2019-02-09,ABBV,2019-02-22,78.00,Call,2.39,2.48,0.2260,0.6995,0.0987,-0.0476,0.0543,0.0204
2019-02-16,EIX,2019-03-15,62.50,Put,2.60,2.90,0.2394,-0.6718,0.0927,-0.0237,0.0615,-0.0248
2019-02-09,ABBV,2019-02-22,78.00,Put,0.66,0.72,0.2257,-0.3012,0.0996,-0.0424,0.0551,-0.0085
2019-02-09,ABBV,2019-02-22,79.50,Call,1.40,1.49,0.2121,0.5381,0.1201,-0.0498,0.0619,0.0159
2019-02-16,EIX,2019-03-15,65.00,Call,0.20,0.40,0.2511,0.1660,0.0593,-0.0194,0.0417,0.0074
2019-02-09,ABBV,2019-02-22,79.50,Put,1.18,1.25,0.2140,-0.4642,0.1203,-0.0452,0.0620,-0.0125
2019-02-16,EIX,2019-03-15,65.00,Put,4.40,5.10,0.2394,-0.8570,0.0615,-0.0138,0.0390,-0.0244
2019-02-16,EIX,2019-03-15,70.00,Call,0.00,0.30,0.2511,0.0208,0.0119,-0.0039,0.0084,0.0009
2019-02-09,ABBV,2019-02-22,81.50,Call,0.56,0.63,0.2043,0.3004,0.1092,-0.0412,0.0543,0.0089
2019-02-16,EIX,2019-03-15,70.00,Put,9.10,10.10,0.2394,-1.0000,0.0003,0.0000,0.0000,0.0000
2019-02-09,ABBV,2019-02-22,81.50,Put,2.31,2.42,0.2057,-0.7032,0.1106,-0.0366,0.0544,-0.0167
2019-02-16,EIX,2019-04-18,52.50,Call,8.60,9.50,0.4233,0.8331,0.0263,-0.0261,0.0608,0.0509
2019-02-09,ABBV,2019-02-22,83.00,Call,0.24,0.29,0.2027,0.1617,0.0775,-0.0286,0.0382,0.0048
2019-02-16,EIX,2019-04-18,52.50,Put,0.70,1.00,0.3696,-0.1649,0.0276,-0.0177,0.0619,-0.0165
2019-02-09,ABBV,2019-02-22,83.00,Put,3.45,3.65,0.2069,-0.8409,0.0797,-0.0247,0.0391,-0.0167
2019-02-16,EIX,2019-04-18,55.00,Call,6.40,7.20,0.3688,0.7751,0.0361,-0.0269,0.0726,0.0504
2019-02-16,EIX,2019-04-18,55.00,Put,1.00,1.35,0.3296,-0.2331,0.0382,-0.0193,0.0741,-0.0229
2019-02-09,ABBV,2019-02-22,85.00,Call,0.07,0.09,0.2057,0.0590,0.0366,-0.0138,0.0183,0.0018
2019-02-16,EIX,2019-04-18,57.50,Call,4.20,5.00,0.3075,0.6923,0.0506,-0.0262,0.0841,0.0481
2019-02-09,ABBV,2019-02-22,85.00,Put,5.25,5.55,0.2254,-0.9328,0.0432,-0.0135,0.0209,-0.0133
2019-02-16,EIX,2019-04-18,57.50,Put,1.55,1.80,0.2921,-0.3330,0.0514,-0.0200,0.0887,-0.0318
2019-02-09,ABBV,2019-02-22,87.50,Call,0.00,0.04,0.2146,0.0144,0.0109,-0.0044,0.0057,0.0004
2019-02-16,EIX,2019-04-18,60.00,Call,2.40,3.00,0.2588,0.5574,0.0671,-0.0243,0.0951,0.0418
2019-02-09,ABBV,2019-02-22,87.50,Put,7.60,8.35,0.2218,-0.9981,0.0089,0.0000,0.0018,0.0000
2019-02-16,EIX,2019-04-18,60.00,Put,2.35,2.70,0.2648,-0.4730,0.0623,-0.0192,0.0973,-0.0437
2019-02-09,ABBV,2019-02-22,91.50,Call,0.00,0.03,0.2146,0.0006,0.0006,-0.0002,0.0003,0.0000
2019-02-16,EIX,2019-04-18,62.50,Call,1.15,1.70,0.2377,0.3815,0.0693,-0.0208,0.0918,0.0310
2019-02-09,ABBV,2019-02-22,91.50,Put,11.60,12.10,0.2218,-1.0000,0.0000,0.0000,0.0000,0.0000
2019-02-16,EIX,2019-04-18,62.50,Put,3.60,4.20,0.2544,-0.6300,0.0618,-0.0167,0.0918,-0.0561
2019-02-16,EIX,2019-04-18,65.00,Call,0.65,1.00,0.2483,0.2448,0.0537,-0.0173,0.0783,0.0212
2019-02-09,ABBV,2019-03-08,70.00,Call,9.00,10.55,0.3152,0.9393,0.0173,-0.0195,0.0265,0.0497
2019-02-16,EIX,2019-04-18,65.00,Put,5.20,6.10,0.2440,-0.7740,0.0517,-0.0114,0.0736,-0.0663
2019-02-09,ABBV,2019-03-08,70.00,Put,0.15,0.33,0.3152,-0.0607,0.0173,-0.0146,0.0265,-0.0039
2019-02-16,EIX,2019-04-18,67.50,Call,0.20,0.60,0.2299,0.1210,0.0365,-0.0100,0.0505,0.0112
2019-02-09,ABBV,2019-03-08,71.50,Call,7.70,8.90,0.3152,0.9042,0.0245,-0.0256,0.0375,0.0486
2019-02-16,EIX,2019-04-18,67.50,Put,7.10,8.30,0.2299,-0.8888,0.0349,-0.0047,0.0478,-0.0731
2019-02-09,ABBV,2019-03-08,71.50,Put,0.21,0.46,0.3152,-0.0958,0.0245,-0.0206,0.0371,-0.0057
2019-02-09,ABBV,2019-03-08,74.00,Call,5.90,6.40,0.2429,0.8771,0.0380,-0.0239,0.0449,0.0489
2019-02-16,EIX,2019-04-18,70.00,Call,0.00,0.50,0.2299,0.0587,0.0210,-0.0057,0.0297,0.0056
2019-02-09,ABBV,2019-03-08,74.00,Put,0.39,0.54,0.2697,-0.1465,0.0388,-0.0237,0.0526,-0.0086
2019-02-16,EIX,2019-04-18,70.00,Put,9.50,11.40,0.2299,-0.9479,0.0198,-0.0003,0.0271,-0.0769
2019-02-09,ABBV,2019-03-08,76.50,Call,4.10,4.60,0.2696,0.7282,0.0558,-0.0390,0.0732,0.0412
2019-02-16,EL,2019-03-15,130.00,Call,24.90,25.40,0.2566,0.9984,0.0006,-0.0103,0.0025,0.0392
2019-02-09,ABBV,2019-03-08,76.50,Put,0.80,1.14,0.2606,-0.2668,0.0576,-0.0325,0.0731,-0.0152
2019-02-09,ABBV,2019-03-08,78.00,Call,3.00,3.20,0.2370,0.6500,0.0708,-0.0380,0.0817,0.0373
2019-02-16,EL,2019-03-15,130.00,Put,0.00,0.15,0.2884,-0.0127,0.0027,-0.0071,0.0141,-0.0016
2019-02-09,ABBV,2019-03-08,78.00,Put,1.26,1.45,0.2457,-0.3559,0.0695,-0.0344,0.0819,-0.0199
2019-02-16,EL,2019-03-15,140.00,Call,15.10,15.50,0.2475,0.9494,0.0118,-0.0326,0.0446,0.0556
2019-02-09,ABBV,2019-03-08,80.00,Call,1.84,2.04,0.2299,0.4991,0.0786,-0.0388,0.0880,0.0290
2019-02-09,ABBV,2019-03-08,80.00,Put,2.07,2.34,0.2388,-0.5033,0.0769,-0.0352,0.0881,-0.0268
2019-02-16,EL,2019-03-15,140.00,Put,0.35,0.50,0.2665,-0.0796,0.0130,-0.0295,0.0652,-0.0091
2019-02-09,ABBV,2019-03-08,81.50,Call,1.17,1.46,0.2297,0.3842,0.0754,-0.0366,0.0843,0.0225
2019-02-16,EL,2019-03-15,145.00,Call,10.50,10.90,0.2332,0.8674,0.0241,-0.0514,0.0951,0.0674
2019-02-16,EL,2019-03-15,145.00,Put,0.75,0.90,0.2382,-0.1512,0.0231,-0.0413,0.1023,-0.0170
2019-02-09,ABBV,2019-03-08,81.50,Put,2.90,3.20,0.2350,-0.6177,0.0753,-0.0325,0.0841,-0.0311
2019-02-16,EL,2019-03-15,150.00,Call,6.50,6.80,0.2200,0.7176,0.0379,-0.0672,0.1475,0.0697
2019-02-09,ABBV,2019-03-08,83.00,Call,0.70,0.81,0.2164,0.2673,0.0689,-0.0295,0.0726,0.0158
2019-02-16,EL,2019-03-15,150.00,Put,1.65,1.90,0.2205,-0.2908,0.0367,-0.0552,0.1497,-0.0316
2019-02-16,EL,2019-03-15,155.00,Call,3.30,3.50,0.2023,0.5071,0.0469,-0.0680,0.1706,0.0557
2019-02-09,ABBV,2019-03-08,83.00,Put,3.85,4.30,0.2332,-0.7232,0.0675,-0.0276,0.0731,-0.0335
2019-02-16,EL,2019-03-15,155.00,Put,3.50,3.80,0.2088,-0.4977,0.0454,-0.0592,0.1706,-0.0509
2019-02-09,ABBV,2019-03-08,85.00,Call,0.31,0.48,0.2203,0.1589,0.0498,-0.0219,0.0534,0.0094
2019-02-09,ABBV,2019-03-08,85.00,Put,5.20,6.15,0.2337,-0.8364,0.0517,-0.0195,0.0566,-0.0326
2019-02-09,ABBV,2019-03-08,87.50,Call,0.11,0.24,0.2206,0.0705,0.0277,-0.0121,0.0298,0.0042
2019-02-16,EL,2019-03-15,160.00,Call,1.35,1.55,0.1967,0.2840,0.0405,-0.0542,0.1434,0.0327
2019-02-09,ABBV,2019-03-08,87.50,Put,7.50,8.95,0.3092,-0.8567,0.0355,-0.0242,0.0521,-0.0344
2019-02-16,EL,2019-03-15,160.00,Put,6.50,6.80,0.1994,-0.7207,0.0408,-0.0450,0.1427,-0.0647
2019-02-09,ABBV,2019-03-08,91.50,Call,0.00,1.48,0.2244,0.0152,0.0077,-0.0035,0.0084,0.0009
2019-02-16,EL,2019-03-15,165.00,Call,0.40,0.50,0.1880,0.1165,0.0244,-0.0295,0.0857,0.0136
2019-02-16,EL,2019-03-15,165.00,Put,10.50,10.90,0.1939,-0.8867,0.0250,-0.0206,0.0856,-0.0649
2019-02-09,ABBV,2019-03-08,91.50,Put,9.85,14.00,0.3170,-0.9465,0.0194,-0.0108,0.0249,-0.0244
2019-02-16,EL,2019-03-15,170.00,Call,0.10,0.20,0.1981,0.0473,0.0116,-0.0154,0.0422,0.0055
2019-02-09,ABBV,2019-03-29,72.00,Call,8.15,8.60,0.2533,0.8801,0.0271,-0.0195,0.0583,0.0828
2019-02-16,EL,2019-03-15,170.00,Put,15.20,15.60,0.1981,-0.9628,0.0109,-0.0027,0.0381,-0.0590
2019-02-09,ABBV,2019-03-29,72.00,Put,0.57,0.69,0.2812,-0.1430,0.0277,-0.0182,0.0680,-0.0147
2019-02-16,EL,2019-03-15,175.00,Call,0.00,0.15,0.2271,0.0279,0.0066,-0.0114,0.0274,0.0032
2019-02-09,ABBV,2019-03-29,74.00,Call,6.10,7.10,0.2360,0.8258,0.0373,-0.0223,0.0750,0.0794
2019-02-16,EL,2019-03-15,175.00,Put,20.20,20.50,0.2271,-0.9797,0.0058,0.0000,0.0230,-0.0579
2019-02-09,ABBV,2019-03-29,74.00,Put,0.86,1.20,0.2802,-0.2114,0.0357,-0.0231,0.0851,-0.0215
2019-02-16,EL,2019-04-18,130.00,Call,25.40,26.00,0.2976,0.9358,0.0067,-0.0279,0.0793,0.1986
2019-02-09,ABBV,2019-03-29,76.50,Call,4.75,5.00,0.2487,0.7019,0.0478,-0.0293,0.1012,0.0684
2019-02-16,EL,2019-04-18,130.00,Put,0.40,0.60,0.2908,-0.0601,0.0065,-0.0173,0.0761,-0.0152
2019-02-09,ABBV,2019-03-29,76.50,Put,1.44,1.86,0.2685,-0.3113,0.0456,-0.0267,0.1024,-0.0310
2019-02-16,EL,2019-04-18,140.00,Call,16.20,16.50,0.2457,0.8601,0.0143,-0.0367,0.1406,0.1947
2019-02-09,ABBV,2019-03-29,78.00,Call,3.65,4.05,0.2411,0.6269,0.0538,-0.0305,0.1105,0.0618
2019-02-16,EL,2019-04-18,140.00,Put,1.15,1.35,0.2516,-0.1458,0.0145,-0.0283,0.1465,-0.0360
2019-02-09,ABBV,2019-03-29,78.00,Put,1.92,2.13,0.2503,-0.3794,0.0528,-0.0265,0.1106,-0.0368
2019-02-09,ABBV,2019-03-29,79.50,Call,2.83,3.10,0.2358,0.5432,0.0577,-0.0307,0.1157,0.0541
2019-02-16,EL,2019-04-18,145.00,Call,12.10,12.50,0.2389,0.7732,0.0200,-0.0451,0.1914,0.1796
2019-02-09,ABBV,2019-03-29,79.50,Put,2.40,2.78,0.2402,-0.4614,0.0577,-0.0261,0.1157,-0.0433
2019-02-16,EL,2019-04-18,145.00,Put,1.90,2.10,0.2337,-0.2243,0.0205,-0.0340,0.1916,-0.0542
2019-02-09,ABBV,2019-03-29,81.50,Call,1.79,2.09,0.2248,0.4238,0.0597,-0.0285,0.1143,0.0427
2019-02-16,EL,2019-04-18,150.00,Call,8.40,8.70,0.2236,0.6638,0.0259,-0.0492,0.2292,0.1579
2019-02-09,ABBV,2019-03-29,81.50,Put,3.55,3.85,0.2407,-0.5754,0.0573,-0.0253,0.1144,-0.0513
2019-02-16,EL,2019-04-18,150.00,Put,3.20,3.40,0.2219,-0.3387,0.0265,-0.0387,0.2298,-0.0791
2019-02-09,ABBV,2019-03-29,83.00,Call,1.33,1.53,0.2261,0.3405,0.0556,-0.0265,0.1070,0.0345
2019-02-16,EL,2019-04-18,155.00,Call,5.30,5.60,0.2111,0.5248,0.0300,-0.0492,0.2516,0.1273
2019-02-09,ABBV,2019-03-29,83.00,Put,4.45,4.80,0.2365,-0.6600,0.0552,-0.0228,0.1077,-0.0554
2019-02-16,EL,2019-04-18,155.00,Put,5.10,5.40,0.2114,-0.4814,0.0306,-0.0390,0.2512,-0.1060
2019-02-09,ABBV,2019-03-29,85.00,Call,0.81,0.96,0.2236,0.2398,0.0476,-0.0220,0.0906,0.0244
2019-02-16,EL,2019-04-18,160.00,Call,3.00,3.30,0.2021,0.3731,0.0298,-0.0437,0.2370,0.0920
2019-02-09,ABBV,2019-03-29,85.00,Put,5.85,6.40,0.2394,-0.7552,0.0479,-0.0192,0.0907,-0.0574
2019-02-09,ABBV,2019-03-29,86.00,Call,0.62,0.91,0.2327,0.2079,0.0422,-0.0210,0.0836,0.0212
2019-02-16,EL,2019-04-18,160.00,Put,7.90,8.20,0.2056,-0.6350,0.0304,-0.0344,0.2363,-0.1265
2019-02-16,EL,2019-04-18,165.00,Call,1.60,1.75,0.1975,0.2378,0.0248,-0.0342,0.1954,0.0586
2019-02-09,ABBV,2019-03-29,86.00,Put,6.65,7.20,0.2394,-0.7979,0.0438,-0.0168,0.0833,-0.0566
2019-02-16,EL,2019-04-18,165.00,Put,11.30,11.80,0.1978,-0.7800,0.0262,-0.0241,0.1902,-0.1289
2019-02-09,ABC,2019-02-22,71.50,Call,10.90,14.40,0.3242,0.9996,0.0004,-0.0054,0.0003,0.0116
2019-02-16,EL,2019-04-18,170.00,Call,0.75,0.90,0.1954,0.1366,0.0177,-0.0236,0.1382,0.0339
2019-02-09,ABC,2019-02-22,71.50,Put,0.00,0.15,0.3242,-0.0051,0.0028,-0.0028,0.0024,-0.0002
2019-02-16,EL,2019-04-18,170.00,Put,15.60,16.00,0.1973,-0.8854,0.0189,-0.0131,0.1251,-0.1113
2019-02-09,ABC,2019-02-22,76.00,Call,8.00,9.80,0.3242,0.9747,0.0146,-0.0199,0.0086,0.0129
2019-02-09,ABC,2019-02-22,76.00,Put,0.00,0.25,0.3242,-0.0540,0.0206,-0.0206,0.0180,-0.0018
2019-02-16,EL,2019-04-18,180.00,Call,0.10,0.25,0.2479,0.0795,0.0094,-0.0198,0.0934,0.0196
2019-02-09,ABC,2019-02-22,78.50,Call,4.70,7.70,0.3752,0.8627,0.0425,-0.0624,0.0367,0.0158
2019-02-16,EL,2019-04-18,180.00,Put,25.10,26.00,0.2479,-0.9425,0.0096,-0.0069,0.0775,-0.0974
2019-02-09,ABC,2019-02-22,78.50,Put,0.25,0.40,0.3090,-0.1255,0.0407,-0.0367,0.0339,-0.0042
2019-02-09,ABC,2019-02-22,81.00,Call,3.00,3.90,0.1886,0.9038,0.0721,-0.0298,0.0253,0.0139
2019-02-16,EMN,2019-03-15,70.00,Call,12.60,13.10,0.2675,0.9921,0.0037,-0.0071,0.0055,0.0487
2019-02-09,ABC,2019-02-22,81.00,Put,0.55,0.80,0.2769,-0.2436,0.0693,-0.0497,0.0516,-0.0074
2019-02-16,EMN,2019-03-15,70.00,Put,0.00,0.15,0.2555,-0.0103,0.0047,-0.0028,0.0062,-0.0007
2019-02-09,ABC,2019-02-22,82.50,Call,2.45,2.70,0.2552,0.6816,0.0981,-0.0654,0.0570,0.0151
2019-02-16,EMN,2019-03-15,75.00,Call,7.80,8.30,0.2675,0.9242,0.0243,-0.0207,0.0333,0.0482
2019-02-09,ABC,2019-02-22,82.50,Put,0.95,1.20,0.2639,-0.3557,0.0866,-0.0560,0.0608,-0.0105
2019-02-16,EMN,2019-03-15,75.00,Put,0.20,0.30,0.2555,-0.0899,0.0280,-0.0164,0.0382,-0.0056
2019-02-09,ABC,2019-02-22,85.00,Call,1.00,1.25,0.2369,0.4184,0.1073,-0.0605,0.0640,0.0115
2019-02-16,EMN,2019-03-15,77.50,Call,5.40,5.90,0.2214,0.8777,0.0417,-0.0235,0.0462,0.0473
2019-02-09,ABC,2019-02-22,85.00,Put,2.00,2.35,0.2446,-0.5918,0.0979,-0.0529,0.0641,-0.0163
2019-02-16,EMN,2019-03-15,77.50,Put,0.45,0.55,0.2337,-0.1706,0.0480,-0.0232,0.0597,-0.0106
2019-02-09,ABC,2019-02-22,86.00,Call,0.65,0.85,0.2327,0.3151,0.0969,-0.0524,0.0578,0.0091
2019-02-16,EMN,2019-03-15,80.00,Call,3.50,3.80,0.2186,0.7358,0.0681,-0.0340,0.0731,0.0405
2019-02-09,ABC,2019-02-22,86.00,Put,2.65,2.95,0.2395,-0.6883,0.0915,-0.0464,0.0574,-0.0180
2019-02-16,EMN,2019-03-15,80.00,Put,1.00,1.10,0.2203,-0.3143,0.0713,-0.0301,0.0799,-0.0196
2019-02-09,ABC,2019-02-22,87.50,Call,0.30,0.45,0.2283,0.1868,0.0728,-0.0377,0.0442,0.0057
2019-02-16,EMN,2019-03-15,82.50,Call,1.85,2.05,0.2010,0.5423,0.0899,-0.0365,0.0889,0.0305
2019-02-09,ABC,2019-02-22,87.50,Put,3.70,4.10,0.2292,-0.8186,0.0723,-0.0315,0.0436,-0.0192
2019-02-16,EMN,2019-03-15,82.50,Put,1.90,2.10,0.2057,-0.5111,0.0858,-0.0305,0.0909,-0.0318
2019-02-09,ABC,2019-02-22,90.00,Call,0.00,0.15,0.2450,0.0784,0.0364,-0.0215,0.0240,0.0025
2019-02-16,EMN,2019-03-15,85.00,Call,0.85,0.95,0.1981,0.3233,0.0824,-0.0316,0.0812,0.0185
2019-02-09,ABC,2019-02-22,90.00,Put,4.60,7.10,0.2507,-0.9226,0.0371,-0.0167,0.0247,-0.0188
2019-02-09,ABC,2019-02-22,92.50,Call,0.00,0.15,0.2881,0.0462,0.0205,-0.0166,0.0159,0.0015
2019-02-16,EMN,2019-03-15,85.00,Put,3.40,3.70,0.2013,-0.7146,0.0747,-0.0236,0.0766,-0.0447
2019-02-09,ABC,2019-02-22,92.50,Put,6.50,10.80,0.2909,-0.9573,0.0203,-0.0104,0.0163,-0.0183
2019-02-16,EMN,2019-03-15,87.50,Call,0.25,0.35,0.1879,0.1434,0.0546,-0.0186,0.0528,0.0083
2019-02-09,ABC,2019-02-22,95.00,Call,0.00,0.15,0.3311,0.0309,0.0128,-0.0137,0.0115,0.0010
2019-02-16,EMN,2019-03-15,87.50,Put,5.40,5.70,0.1978,-0.8665,0.0482,-0.0121,0.0499,-0.0548
2019-02-09,ABC,2019-02-22,95.00,Put,10.80,11.40,0.3311,-0.9734,0.0122,-0.0064,0.0112,-0.0181
2019-02-16,EMN,2019-03-15,90.00,Call,0.05,0.15,0.1756,0.0403,0.0223,-0.0066,0.0212,0.0024
2019-02-09,ABC,2019-03-08,71.50,Call,10.50,15.10,0.3128,0.9936,0.0043,-0.0090,0.0040,0.0132
2019-02-16,EMN,2019-03-15,90.00,Put,7.60,8.00,0.1756,-0.9674,0.0183,0.0000,0.0183,-0.0620
2019-02-09,ABC,2019-03-08,71.50,Put,0.10,0.30,0.3237,-0.0320,0.0095,-0.0094,0.0167,-0.0021
2019-02-16,EMN,2019-03-15,95.00,Call,0.00,0.05,0.2255,0.0125,0.0064,-0.0031,0.0084,0.0007
2019-02-09,ABC,2019-03-08,76.00,Call,6.50,10.40,0.2802,0.9411,0.0264,-0.0249,0.0262,0.0236
2019-02-16,EMN,2019-03-15,95.00,Put,12.40,13.00,0.2255,-0.9892,0.0056,0.0000,0.0075,-0.0667
2019-02-09,ABC,2019-03-08,76.00,Put,0.35,0.55,0.3203,-0.1183,0.0267,-0.0257,0.0480,-0.0074
2019-02-16,EMR,2019-03-01,58.00,Call,10.20,11.10,0.2231,0.9999,0.0001,-0.0040,0.0000,0.0222
2019-02-09,ABC,2019-03-08,78.50,Call,4.90,7.40,0.2610,0.8613,0.0470,-0.0355,0.0523,0.0349
2019-02-16,EMR,2019-03-01,58.00,Put,0.00,0.15,0.2231,-0.0001,0.0001,0.0000,0.0000,0.0000
2019-02-09,ABC,2019-03-08,78.50,Put,0.65,0.90,0.3000,-0.1932,0.0396,-0.0332,0.0661,-0.0119
2019-02-16,EMR,2019-03-01,61.00,Call,7.20,7.60,0.2231,0.9958,0.0042,-0.0055,0.0017,0.0232
2019-02-09,ABC,2019-03-08,81.00,Call,4.10,4.60,0.2763,0.7057,0.0575,-0.0462,0.0798,0.0384
2019-02-16,EMR,2019-03-01,61.00,Put,0.00,0.10,0.2231,-0.0042,0.0042,-0.0013,0.0017,-0.0001
2019-02-09,ABC,2019-03-08,81.00,Put,1.10,1.55,0.2820,-0.3041,0.0538,-0.0394,0.0814,-0.0183
2019-02-16,EMR,2019-03-01,64.00,Call,4.30,4.70,0.2231,0.9377,0.0411,-0.0172,0.0164,0.0228
2019-02-09,ABC,2019-03-08,82.50,Call,3.10,3.50,0.2646,0.6179,0.0639,-0.0466,0.0880,0.0362
2019-02-16,EMR,2019-03-01,64.00,Put,0.05,0.15,0.2231,-0.0623,0.0411,-0.0128,0.0164,-0.0017
2019-02-09,ABC,2019-03-08,82.50,Put,1.55,1.95,0.2665,-0.3867,0.0624,-0.0404,0.0886,-0.0227
2019-02-16,EMR,2019-03-01,66.00,Call,2.55,2.80,0.2110,0.8097,0.0963,-0.0310,0.0363,0.0202
2019-02-09,ABC,2019-03-08,84.50,Call,1.95,2.35,0.2536,0.4855,0.0683,-0.0451,0.0931,0.0296
2019-02-16,EMR,2019-03-01,66.00,Put,0.20,0.30,0.1962,-0.1739,0.0984,-0.0234,0.0358,-0.0043
2019-02-09,ABC,2019-03-08,84.50,Put,2.35,2.85,0.2550,-0.5178,0.0684,-0.0396,0.0929,-0.0290
2019-02-16,EMR,2019-03-01,67.00,Call,1.70,1.90,0.1818,0.7220,0.1379,-0.0324,0.0449,0.0182
2019-02-09,ABC,2019-03-08,85.50,Call,1.50,2.05,0.2586,0.4211,0.0654,-0.0445,0.0913,0.0259
2019-02-16,EMR,2019-03-01,67.00,Put,0.35,0.45,0.1756,-0.2726,0.1425,-0.0268,0.0448,-0.0065
2019-02-09,ABC,2019-03-08,85.50,Put,2.90,3.30,0.2461,-0.5885,0.0694,-0.0369,0.0910,-0.0319
2019-02-16,EMR,2019-03-01,68.00,Call,1.05,1.15,0.1691,0.5726,0.1735,-0.0343,0.0525,0.0146
2019-02-09,ABC,2019-03-08,87.50,Call,0.75,1.00,0.2292,0.2749,0.0628,-0.0334,0.0780,0.0172
2019-02-16,EMR,2019-03-01,68.00,Put,0.65,0.75,0.1636,-0.4280,0.1814,-0.0290,0.0524,-0.0098
2019-02-09,ABC,2019-03-08,87.50,Put,4.00,5.90,0.3071,-0.6699,0.0519,-0.0429,0.0858,-0.0357
2019-02-16,EMR,2019-03-01,70.00,Call,0.20,0.30,0.1515,0.2186,0.1456,-0.0224,0.0395,0.0056
2019-02-09,ABC,2019-03-08,90.00,Call,0.30,0.45,0.2248,0.1439,0.0434,-0.0220,0.0527,0.0090
2019-02-16,EMR,2019-03-01,70.00,Put,1.75,1.95,0.1416,-0.8080,0.1544,-0.0159,0.0374,-0.0136
2019-02-09,ABC,2019-03-08,90.00,Put,5.50,6.70,0.1582,-0.9567,0.0322,-0.0017,0.0233,-0.0224
2019-02-16,EMR,2019-03-01,71.00,Call,0.00,0.15,0.1515,0.1047,0.0896,-0.0136,0.0243,0.0027
2019-02-09,ABC,2019-03-08,92.50,Call,0.00,0.30,0.2248,0.0664,0.0247,-0.0124,0.0300,0.0042
2019-02-16,EMR,2019-03-01,71.00,Put,2.60,2.85,0.1416,-0.9271,0.0917,-0.0072,0.0199,-0.0098
2019-02-09,ABC,2019-03-08,92.50,Put,6.50,10.80,0.1582,-0.9954,0.0055,0.0000,0.0040,-0.0161
2019-02-16,EMR,2019-03-01,73.00,Call,0.00,0.10,0.1515,0.0142,0.0178,-0.0027,0.0048,0.0004
2019-02-09,ABC,2019-03-08,95.00,Call,0.00,0.50,0.2248,0.0267,0.0118,-0.0059,0.0143,0.0017
2019-02-16,EMR,2019-03-01,73.00,Put,4.50,4.80,0.1416,-1.0000,0.0000,0.0000,0.0000,0.0000
2019-02-09,ABC,2019-03-08,95.00,Put,9.30,12.50,0.1582,-0.9999,0.0002,0.0000,0.0002,-0.0155
2019-02-16,EMR,2019-03-01,75.00,Call,0.00,0.10,0.1515,0.0010,0.0016,-0.0002,0.0004,0.0000
2019-02-09,ABC,2019-03-29,79.50,Call,6.00,6.40,0.2809,0.7293,0.0385,-0.0333,0.1005,0.0740
2019-02-16,EMR,2019-03-01,75.00,Put,6.50,7.00,0.1416,-1.0000,0.0000,0.0000,0.0000,0.0000
2019-02-09,ABC,2019-03-29,79.50,Put,1.35,1.70,0.2814,-0.2726,0.0388,-0.0279,0.1009,-0.0289
2019-02-09,ABC,2019-03-29,81.00,Call,4.80,5.30,0.2663,0.6725,0.0443,-0.0340,0.1116,0.0692
2019-02-16,EMR,2019-03-15,57.50,Call,10.80,11.40,0.2564,0.9936,0.0037,-0.0055,0.0034,0.0436
2019-02-09,ABC,2019-03-29,81.00,Put,1.75,2.10,0.2714,-0.3322,0.0440,-0.0291,0.1118,-0.0347
2019-02-16,EMR,2019-03-15,57.50,Put,0.00,0.10,0.2564,-0.0064,0.0037,-0.0015,0.0034,-0.0003
2019-02-09,ABC,2019-03-29,82.50,Call,3.90,4.30,0.2619,0.6030,0.0481,-0.0351,0.1192,0.0627
2019-02-16,EMR,2019-03-15,62.50,Call,6.00,6.30,0.2564,0.9058,0.0346,-0.0184,0.0317,0.0427
2019-02-09,ABC,2019-03-29,82.50,Put,2.25,2.60,0.2626,-0.4003,0.0486,-0.0297,0.1192,-0.0408
2019-02-16,EMR,2019-03-15,62.50,Put,0.10,0.20,0.2564,-0.0942,0.0348,-0.0142,0.0319,-0.0047
2019-02-09,ABC,2019-03-29,84.50,Call,2.75,3.10,0.2499,0.5029,0.0522,-0.0342,0.1229,0.0530
2019-02-16,EMR,2019-03-15,65.00,Call,3.70,3.90,0.2034,0.8276,0.0664,-0.0212,0.0483,0.0404
2019-02-09,ABC,2019-03-29,84.50,Put,3.10,3.50,0.2545,-0.5011,0.0520,-0.0293,0.1227,-0.0492
2019-02-16,EMR,2019-03-15,65.00,Put,0.35,0.40,0.2051,-0.1749,0.0669,-0.0171,0.0498,-0.0086
2019-02-16,EMR,2019-03-15,67.50,Call,1.85,2.00,0.1877,0.6151,0.1077,-0.0270,0.0722,0.0307
2019-02-09,ABC,2019-03-29,86.00,Call,2.05,2.35,0.2429,0.4234,0.0527,-0.0323,0.1213,0.0450
2019-02-16,EMR,2019-03-15,67.50,Put,0.90,1.00,0.1818,-0.3849,0.1127,-0.0219,0.0721,-0.0178
2019-02-09,ABC,2019-03-29,86.00,Put,3.80,4.30,0.2452,-0.5818,0.0533,-0.0271,0.1206,-0.0546
2019-02-16,EMR,2019-03-15,70.00,Call,0.55,0.65,0.1605,0.3139,0.1169,-0.0207,0.0670,0.0160
2019-02-09,ABC,2019-03-29,87.50,Call,1.45,1.90,0.2430,0.3492,0.0497,-0.0303,0.1149,0.0374
2019-02-16,EMR,2019-03-15,70.00,Put,2.10,2.25,0.1601,-0.6964,0.1211,-0.0164,0.0660,-0.0266
2019-02-16,EMR,2019-03-15,72.50,Call,0.05,0.15,0.1605,0.1011,0.0583,-0.0101,0.0334,0.0052
2019-02-09,ABC,2019-03-29,87.50,Put,4.80,5.40,0.2517,-0.6523,0.0495,-0.0260,0.1136,-0.0587
2019-02-16,EMR,2019-03-15,72.50,Put,4.10,4.40,0.1601,-0.9209,0.0640,-0.0059,0.0295,-0.0187
2019-02-09,ABC,2019-03-29,90.00,Call,0.65,1.10,0.2279,0.2246,0.0429,-0.0228,0.0912,0.0244
2019-02-16,EMR,2019-03-15,75.00,Call,0.00,0.05,0.1605,0.0207,0.0165,-0.0028,0.0094,0.0011
2019-02-09,ABC,2019-03-29,90.00,Put,6.40,7.10,0.2309,-0.7850,0.0446,-0.0177,0.0889,-0.0595
2019-02-16,EMR,2019-03-15,75.00,Put,6.50,6.80,0.1601,-1.0000,0.0000,0.0000,0.0000,0.0000
2019-02-09,ABC,2019-03-29,92.50,Call,0.35,0.50,0.2199,0.1300,0.0313,-0.0153,0.0650,0.0141
2019-02-16,EMR,2019-03-15,77.50,Call,0.00,0.05,0.1605,0.0027,0.0028,-0.0005,0.0016,0.0001
2019-02-09,ABC,2019-03-29,92.50,Put,7.70,10.60,0.2702,-0.8290,0.0336,-0.0180,0.0801,-0.0603
2019-02-16,EMR,2019-03-15,77.50,Put,9.00,9.60,0.1601,-1.0000,0.0000,0.0000,0.0000,0.0000
2019-02-09,ABC,2019-03-29,93.50,Call,0.25,0.40,0.2201,0.1041,0.0267,-0.0131,0.0555,0.0113
2019-02-09,ABC,2019-03-29,93.50,Put,8.30,11.60,0.2606,-0.8685,0.0304,-0.0140,0.0661,-0.0559
2019-02-16,EMR,2019-03-29,60.00,Call,8.40,8.80,0.2407,0.9522,0.0179,-0.0106,0.0230,0.0649
2019-02-09,ABMD,2019-02-15,290.00,Call,49.10,52.80,0.5091,0.9906,0.0010,-0.0634,0.0119,0.0549
2019-02-16,EMR,2019-03-29,60.00,Put,0.10,0.20,0.2407,-0.0478,0.0179,-0.0064,0.0230,-0.0039
2019-02-09,ABMD,2019-02-15,290.00,Put,0.10,0.65,0.5091,-0.0094,0.0010,-0.0431,0.0119,-0.0006
2019-02-16,EMR,2019-03-29,61.00,Call,7.30,7.90,0.2151,0.9484,0.0212,-0.0103,0.0245,0.0657
2019-02-09,ABMD,2019-02-15,310.00,Call,29.50,33.20,0.5091,0.9198,0.0062,-0.2758,0.0704,0.0539
2019-02-16,EMR,2019-03-29,61.00,Put,0.15,0.25,0.2458,-0.0755,0.0251,-0.0093,0.0336,-0.0057
2019-02-09,ABMD,2019-02-15,310.00,Put,0.65,1.15,0.5091,-0.0802,0.0062,-0.2541,0.0704,-0.0054
2019-02-09,ABMD,2019-02-15,320.00,Call,20.10,23.60,0.3223,0.9295,0.0089,-0.1676,0.0638,0.0566
2019-02-16,EMR,2019-03-29,64.00,Call,4.80,5.10,0.2148,0.8344,0.0500,-0.0184,0.0576,0.0598
2019-02-09,ABMD,2019-02-15,320.00,Put,1.10,2.05,0.4481,-0.1413,0.0106,-0.3366,0.1042,-0.0090
2019-02-16,EMR,2019-03-29,64.00,Put,0.40,0.50,0.2141,-0.1655,0.0506,-0.0140,0.0601,-0.0122
2019-02-09,ABMD,2019-02-15,330.00,Call,13.10,15.20,0.3808,0.7484,0.0177,-0.4269,0.1506,0.0462
2019-02-16,EMR,2019-03-29,66.00,Call,3.20,3.40,0.1957,0.7244,0.0737,-0.0213,0.0774,0.0531
2019-02-09,ABMD,2019-02-15,330.00,Put,2.40,4.00,0.4082,-0.2649,0.0171,-0.4473,0.1585,-0.0165
2019-02-16,EMR,2019-03-29,66.00,Put,0.75,0.85,0.1954,-0.2774,0.0749,-0.0169,0.0780,-0.0198
2019-02-09,ABMD,2019-02-15,340.00,Call,6.50,7.80,0.3425,0.5434,0.0245,-0.4711,0.1873,0.0341
2019-02-09,ABMD,2019-02-15,340.00,Put,5.30,7.10,0.3644,-0.4588,0.0232,-0.4800,0.1878,-0.0274
2019-02-16,EMR,2019-03-29,67.00,Call,2.45,2.65,0.1851,0.6505,0.0864,-0.0218,0.0857,0.0481
2019-02-09,ABMD,2019-02-15,350.00,Call,2.45,3.30,0.3284,0.2994,0.0224,-0.3921,0.1640,0.0190
2019-02-16,EMR,2019-03-29,67.00,Put,1.05,1.15,0.1907,-0.3562,0.0857,-0.0181,0.0875,-0.0248
2019-02-09,ABMD,2019-02-15,350.00,Put,10.60,14.00,0.3753,-0.6768,0.0205,-0.4428,0.1729,-0.0378
2019-02-16,EMR,2019-03-29,68.00,Call,1.90,2.00,0.1829,0.5603,0.0931,-0.0225,0.0913,0.0417
2019-02-09,ABMD,2019-02-15,370.00,Call,0.00,0.60,0.3203,0.0364,0.0053,-0.0872,0.0377,0.0023
2019-02-16,EMR,2019-03-29,68.00,Put,1.40,1.50,0.1824,-0.4446,0.0954,-0.0181,0.0916,-0.0299
2019-02-09,ABMD,2019-02-15,370.00,Put,27.80,31.40,0.3705,-0.9431,0.0070,-0.1293,0.0565,-0.0340
2019-02-16,EMR,2019-03-29,70.00,Call,0.90,1.00,0.1695,0.3649,0.0957,-0.0193,0.0870,0.0276
2019-02-09,ABMD,2019-02-15,380.00,Call,0.05,0.45,0.3203,0.0083,0.0015,-0.0247,0.0107,0.0005
2019-02-16,EMR,2019-03-29,70.00,Put,2.40,2.60,0.1737,-0.6417,0.0971,-0.0155,0.0860,-0.0383
2019-02-16,EMR,2019-03-29,71.00,Call,0.55,0.65,0.1629,0.2680,0.0874,-0.0160,0.0763,0.0204
2019-02-09,ABMD,2019-02-15,380.00,Put,37.50,41.20,0.3705,-0.9862,0.0028,-0.0356,0.0187,-0.0171
2019-02-16,EMR,2019-03-29,71.00,Put,3.00,3.30,0.1663,-0.7421,0.0906,-0.0123,0.0760,-0.0392
2019-02-09,ABMD,2019-02-15,390.00,Call,0.00,0.30,0.3203,0.0014,0.0003,-0.0051,0.0022,0.0001
2019-02-16,EMR,2019-03-29,73.00,Call,0.15,0.25,0.1540,0.1171,0.0551,-0.0089,0.0455,0.0090
2019-02-16,EMR,2019-03-29,73.00,Put,4.60,4.90,0.1499,-0.9205,0.0617,-0.0041,0.0366,-0.0241
2019-02-09,ABMD,2019-02-15,390.00,Put,47.50,51.20,0.3705,-1.0000,0.0001,0.0000,0.0000,0.0000
2019-02-16,EMR,2019-03-29,75.00,Call,0.00,0.10,0.1540,0.0439,0.0261,-0.0042,0.0215,0.0034
2019-02-09,ABMD,2019-03-15,290.00,Call,51.70,55.20,0.3925,0.9222,0.0035,-0.1047,0.1538,0.2501
2019-02-16,EMR,2019-03-29,75.00,Put,6.30,6.90,0.1499,-1.0000,0.0083,0.0000,0.0016,0.0000
2019-02-09,ABMD,2019-03-15,290.00,Put,2.05,3.30,0.4575,-0.1080,0.0039,-0.1260,0.1956,-0.0354
2019-02-16,EOG,2019-03-01,85.00,Call,14.25,15.90,0.3537,0.9925,0.0030,-0.0109,0.0041,0.0323
2019-02-09,ABMD,2019-03-15,310.00,Call,34.30,37.40,0.3650,0.8232,0.0067,-0.1603,0.2740,0.2346
2019-02-16,EOG,2019-03-01,85.00,Put,0.00,0.45,0.4255,-0.0210,0.0060,-0.0149,0.0099,-0.0008
2019-02-09,ABMD,2019-03-15,310.00,Put,3.90,5.30,0.3903,-0.1910,0.0066,-0.1566,0.2976,-0.0610
2019-02-16,EOG,2019-03-01,90.00,Call,10.05,10.95,0.3537,0.9459,0.0158,-0.0331,0.0216,0.0323
2019-02-09,ABMD,2019-03-15,320.00,Call,27.50,29.60,0.3700,0.7387,0.0083,-0.1974,0.3434,0.2140
2019-02-09,ABMD,2019-03-15,320.00,Put,6.30,7.60,0.3805,-0.2668,0.0082,-0.1833,0.3463,-0.0845
2019-02-16,EOG,2019-03-01,90.00,Put,0.30,0.41,0.4255,-0.0888,0.0193,-0.0474,0.0316,-0.0035
2019-02-09,ABMD,2019-03-15,330.00,Call,20.70,22.10,0.3533,0.6490,0.0099,-0.2119,0.3915,0.1916
2019-02-16,EOG,2019-03-01,93.00,Call,7.40,8.05,0.3349,0.8834,0.0298,-0.0516,0.0385,0.0310
2019-02-09,ABMD,2019-03-15,330.00,Put,9.20,10.70,0.3669,-0.3560,0.0097,-0.1992,0.3985,-0.1101
2019-02-09,ABMD,2019-03-15,340.00,Call,14.70,16.20,0.3432,0.5437,0.0109,-0.2175,0.4187,0.1628
2019-02-16,EOG,2019-03-01,93.00,Put,0.47,0.68,0.3804,-0.1450,0.0305,-0.0598,0.0447,-0.0058
2019-02-09,ABMD,2019-03-15,340.00,Put,12.90,15.00,0.3546,-0.4585,0.0107,-0.2029,0.4189,-0.1384
2019-02-16,EOG,2019-03-01,96.00,Call,5.30,6.05,0.3944,0.7298,0.0427,-0.0962,0.0649,0.0259
2019-02-09,ABMD,2019-03-15,350.00,Call,9.90,11.10,0.3313,0.4314,0.0112,-0.2063,0.4150,0.1309
2019-02-16,EOG,2019-03-01,96.00,Put,1.04,1.25,0.3648,-0.2562,0.0452,-0.0810,0.0640,-0.0094
2019-02-09,ABMD,2019-03-15,350.00,Put,18.00,20.30,0.3464,-0.5671,0.0109,-0.1940,0.4142,-0.1646
2019-02-16,EOG,2019-03-01,98.00,Call,3.65,4.10,0.3273,0.6559,0.0573,-0.0888,0.0722,0.0237
2019-02-09,ABMD,2019-03-15,370.00,Call,3.80,4.60,0.3178,0.2267,0.0090,-0.1497,0.3180,0.0701
2019-02-16,EOG,2019-03-01,98.00,Put,1.60,1.79,0.3492,-0.3526,0.0545,-0.0890,0.0725,-0.0127
2019-02-09,ABMD,2019-03-15,370.00,Put,30.80,34.80,0.3345,-0.7668,0.0090,-0.1400,0.3303,-0.1929
2019-02-16,EOG,2019-03-01,100.00,Call,2.69,3.10,0.3478,0.5338,0.0582,-0.1005,0.0780,0.0194
2019-02-09,ABMD,2019-03-15,380.00,Call,2.10,2.95,0.3159,0.1521,0.0071,-0.1157,0.2485,0.0473
2019-02-16,EOG,2019-03-01,100.00,Put,2.31,2.84,0.3501,-0.4674,0.0583,-0.0950,0.0781,-0.0164
2019-02-16,EOG,2019-03-01,102.00,Call,1.73,2.05,0.3337,0.4139,0.0595,-0.0939,0.0765,0.0152
2019-02-16,EOG,2019-03-01,102.00,Put,3.40,3.85,0.3431,-0.5849,0.0585,-0.0905,0.0767,-0.0198
2019-02-16,EOG,2019-03-01,104.00,Call,1.02,1.23,0.3192,0.2943,0.0550,-0.0791,0.0676,0.0109
2019-02-16,EOG,2019-03-01,104.00,Put,4.55,5.25,0.3354,-0.6983,0.0538,-0.0781,0.0688,-0.0223
2019-02-09,ABMD,2019-03-15,380.00,Put,39.20,43.00,0.3342,-0.8412,0.0073,-0.1073,0.2530,-0.1886
2019-02-16,EOG,2019-03-01,107.00,Call,0.42,0.70,0.3292,0.1676,0.0388,-0.0590,0.0492,0.0062
2019-02-09,ABMD,2019-03-15,390.00,Call,1.15,1.80,0.3156,0.0977,0.0052,-0.0845,0.1822,0.0305
2019-02-16,EOG,2019-03-01,107.00,Put,6.95,7.65,0.3433,-0.8258,0.0393,-0.0576,0.0514,-0.0235
2019-02-09,ABMD,2019-03-15,390.00,Put,48.30,52.00,0.3424,-0.8920,0.0057,-0.0816,0.1981,-0.1745
2019-02-16,EOG,2019-03-01,110.00,Call,0.14,0.23,0.3115,0.0700,0.0220,-0.0298,0.0264,0.0026
2019-02-09,ABT,2019-02-22,62.50,Call,10.65,11.00,0.2751,0.9987,0.0011,-0.0050,0.0006,0.0239
2019-02-09,ABT,2019-02-22,62.50,Put,0.00,0.03,0.2751,-0.0013,0.0011,-0.0006,0.0006,0.0000
2019-02-16,EOG,2019-03-01,110.00,Put,9.50,10.55,0.3645,-0.9000,0.0260,-0.0406,0.0366,-0.0220
2019-02-09,ABT,2019-02-22,66.00,Call,7.20,7.50,0.2751,0.9773,0.0137,-0.0121,0.0077,0.0246
2019-02-16,EOG,2019-03-01,115.00,Call,0.00,0.12,0.3115,0.0137,0.0057,-0.0078,0.0069,0.0005
2019-02-09,ABT,2019-02-22,66.00,Put,0.00,0.07,0.2751,-0.0227,0.0137,-0.0075,0.0077,-0.0007
2019-02-16,EOG,2019-03-01,115.00,Put,14.40,15.45,0.3645,-0.9776,0.0102,-0.0109,0.0114,-0.0115
2019-02-16,EOG,2019-03-15,85.00,Call,15.10,15.95,0.3298,0.9696,0.0075,-0.0169,0.0191,0.0625
2019-02-09,ABT,2019-02-22,68.00,Call,5.25,5.55,0.2572,0.9386,0.0329,-0.0204,0.0174,0.0243
2019-02-16,EOG,2019-03-15,85.00,Put,0.22,0.36,0.3990,-0.0585,0.0106,-0.0227,0.0324,-0.0047
2019-02-09,ABT,2019-02-22,68.00,Put,0.07,0.13,0.2572,-0.0614,0.0329,-0.0157,0.0174,-0.0018
2019-02-16,EOG,2019-03-15,90.00,Call,10.90,11.25,0.3611,0.8746,0.0206,-0.0422,0.0572,0.0587
2019-02-09,ABT,2019-02-22,70.50,Call,3.00,3.20,0.1938,0.8604,0.0798,-0.0263,0.0319,0.0230
2019-02-09,ABT,2019-02-22,70.50,Put,0.25,0.31,0.2168,-0.1658,0.0804,-0.0270,0.0366,-0.0044
2019-02-16,EOG,2019-03-15,90.00,Put,0.65,0.77,0.3707,-0.1311,0.0208,-0.0383,0.0591,-0.0099
2019-02-09,ABT,2019-02-22,72.00,Call,1.83,2.00,0.1891,0.7052,0.1271,-0.0369,0.0495,0.0191
2019-02-16,EOG,2019-03-15,92.50,Call,8.80,9.15,0.3533,0.8137,0.0274,-0.0520,0.0744,0.0556
2019-02-09,ABT,2019-02-22,72.00,Put,0.47,0.61,0.1937,-0.3001,0.1260,-0.0333,0.0507,-0.0077
2019-02-16,EOG,2019-03-15,92.50,Put,0.91,1.09,0.3463,-0.1824,0.0277,-0.0444,0.0728,-0.0136
2019-02-09,ABT,2019-02-22,73.50,Call,0.89,0.99,0.1724,0.4909,0.1611,-0.0377,0.0573,0.0134
2019-02-16,EOG,2019-03-15,95.00,Call,6.75,7.40,0.3484,0.7344,0.0339,-0.0613,0.0910,0.0510
2019-02-09,ABT,2019-02-22,73.50,Put,1.02,1.16,0.1804,-0.5112,0.1561,-0.0347,0.0573,-0.0123
2019-02-16,EOG,2019-03-15,95.00,Put,1.52,1.65,0.3414,-0.2627,0.0347,-0.0537,0.0915,-0.0193
2019-02-16,EOG,2019-03-15,97.50,Call,5.00,5.30,0.3198,0.6481,0.0418,-0.0630,0.1030,0.0458
2019-02-09,ABT,2019-02-22,75.00,Call,0.31,0.38,0.1614,0.2527,0.1379,-0.0277,0.0459,0.0070
2019-02-09,ABT,2019-02-22,75.00,Put,1.86,2.10,0.1669,-0.7472,0.1388,-0.0245,0.0470,-0.0152
2019-02-16,EOG,2019-03-15,97.50,Put,2.21,2.37,0.3266,-0.3553,0.0415,-0.0583,0.1032,-0.0255
2019-02-09,ABT,2019-02-22,76.50,Call,0.07,0.12,0.1570,0.0917,0.0731,-0.0137,0.0236,0.0025
2019-02-16,EOG,2019-03-15,100.00,Call,3.55,3.80,0.3125,0.5376,0.0458,-0.0650,0.1102,0.0385
2019-02-09,ABT,2019-02-22,76.50,Put,3.15,3.40,0.1802,-0.8868,0.0825,-0.0150,0.0291,-0.0137
2019-02-16,EOG,2019-03-15,100.00,Put,3.25,3.40,0.3195,-0.4645,0.0453,-0.0602,0.1102,-0.0325
2019-02-09,ABT,2019-02-22,78.50,Call,0.00,0.03,0.1570,0.0150,0.0168,-0.0031,0.0054,0.0004
2019-02-09,ABT,2019-02-22,78.50,Put,5.05,5.40,0.1802,-0.9884,0.0301,-0.0018,0.0056,-0.0025
2019-02-16,EOG,2019-03-15,105.00,Call,1.56,1.66,0.3017,0.3122,0.0423,-0.0550,0.0982,0.0227
2019-02-09,ABT,2019-02-22,80.00,Call,0.00,0.03,0.1570,0.0027,0.0037,-0.0007,0.0012,0.0001
2019-02-16,EOG,2019-03-15,105.00,Put,6.00,6.50,0.3079,-0.6883,0.0424,-0.0501,0.0977,-0.0433
2019-02-09,ABT,2019-02-22,80.00,Put,6.40,6.95,0.1802,-1.0000,0.0000,0.0000,0.0000,0.0000
2019-02-16,EOG,2019-03-15,110.00,Call,0.47,0.56,0.2857,0.1334,0.0272,-0.0314,0.0598,0.0099
2019-02-09,ABT,2019-03-08,63.00,Call,8.55,11.55,0.2784,0.9790,0.0089,-0.0094,0.0102,0.0470
2019-02-16,EOG,2019-03-15,110.00,Put,9.95,10.60,0.3118,-0.8517,0.0285,-0.0316,0.0658,-0.0437
2019-02-09,ABT,2019-03-08,63.00,Put,0.00,0.41,0.2784,-0.0210,0.0089,-0.0050,0.0102,-0.0012
2019-02-16,EOG,2019-03-15,115.00,Call,0.00,0.22,0.2857,0.0472,0.0124,-0.0143,0.0273,0.0035
2019-02-09,ABT,2019-03-08,66.00,Call,6.80,7.95,0.2639,0.9338,0.0240,-0.0166,0.0261,0.0467
2019-02-16,EOG,2019-03-15,115.00,Put,14.30,15.45,0.3118,-0.9486,0.0153,-0.0129,0.0309,-0.0299
2019-02-09,ABT,2019-03-08,66.00,Put,0.15,0.56,0.2639,-0.0661,0.0240,-0.0120,0.0267,-0.0036
2019-02-09,ABT,2019-03-08,68.00,Call,5.40,5.85,0.2061,0.9170,0.0365,-0.0157,0.0310,0.0473
2019-02-16,EOG,2019-04-18,85.00,Call,15.90,16.65,0.3432,0.9014,0.0126,-0.0256,0.0722,0.1138
2019-02-09,ABT,2019-03-08,68.00,Put,0.13,0.33,0.2061,-0.0829,0.0367,-0.0110,0.0331,-0.0044
2019-02-16,EOG,2019-04-18,85.00,Put,0.89,1.01,0.3706,-0.1191,0.0132,-0.0239,0.0835,-0.0204
2019-02-09,ABT,2019-03-08,70.50,Call,3.40,3.65,0.2053,0.7749,0.0720,-0.0261,0.0609,0.0409
2019-02-16,EOG,2019-04-18,90.00,Call,11.70,12.45,0.3344,0.8145,0.0198,-0.0354,0.1115,0.1077
2019-02-16,EOG,2019-04-18,90.00,Put,1.64,1.82,0.3508,-0.2009,0.0197,-0.0316,0.1138,-0.0345
2019-02-09,ABT,2019-03-08,70.50,Put,0.55,0.69,0.2148,-0.2356,0.0711,-0.0229,0.0630,-0.0123
2019-02-16,EOG,2019-04-18,92.50,Call,9.75,10.50,0.3267,0.7595,0.0236,-0.0393,0.1301,0.1027
2019-02-09,ABT,2019-03-08,72.00,Call,2.28,2.50,0.1926,0.6578,0.0939,-0.0289,0.0746,0.0352
2019-02-16,EOG,2019-04-18,92.50,Put,2.15,2.43,0.3411,-0.2543,0.0231,-0.0349,0.1320,-0.0437
2019-02-09,ABT,2019-03-08,72.00,Put,0.94,1.26,0.2159,-0.3583,0.0862,-0.0277,0.0765,-0.0182
2019-02-16,EOG,2019-04-18,95.00,Call,8.15,8.55,0.3211,0.6946,0.0271,-0.0426,0.1456,0.0956
2019-02-09,ABT,2019-03-08,73.50,Call,1.34,1.56,0.1806,0.5071,0.1088,-0.0286,0.0810,0.0274
2019-02-16,EOG,2019-04-18,95.00,Put,2.90,3.15,0.3343,-0.3170,0.0262,-0.0376,0.1472,-0.0545
2019-02-09,ABT,2019-03-08,73.50,Put,1.45,1.74,0.1937,-0.4962,0.1032,-0.0259,0.0810,-0.0238
2019-02-16,EOG,2019-04-18,97.50,Call,6.80,6.90,0.3221,0.6210,0.0293,-0.0456,0.1568,0.0870
2019-02-09,ABT,2019-03-08,75.00,Call,0.73,0.88,0.1760,0.3455,0.1031,-0.0252,0.0749,0.0188
2019-02-16,EOG,2019-04-18,97.50,Put,3.65,4.05,0.3229,-0.3855,0.0291,-0.0386,0.1576,-0.0661
2019-02-09,ABT,2019-03-08,75.00,Put,2.32,2.58,0.1895,-0.6499,0.0995,-0.0228,0.0745,-0.0285
2019-02-16,EOG,2019-04-18,100.00,Call,5.15,5.45,0.3081,0.5450,0.0319,-0.0450,0.1617,0.0775
2019-02-09,ABT,2019-03-08,76.50,Call,0.32,0.44,0.1696,0.2016,0.0817,-0.0183,0.0571,0.0110
2019-02-16,EOG,2019-04-18,100.00,Put,4.70,5.10,0.3147,-0.4611,0.0311,-0.0385,0.1623,-0.0789
2019-02-09,ABT,2019-03-08,76.50,Put,3.40,3.75,0.1936,-0.7767,0.0808,-0.0181,0.0622,-0.0298
2019-02-16,EOG,2019-04-18,105.00,Call,3.00,3.20,0.3004,0.3864,0.0315,-0.0415,0.1589,0.0566
2019-02-09,ABT,2019-03-08,78.50,Call,0.07,0.39,0.1706,0.0843,0.0446,-0.0100,0.0314,0.0046
2019-02-16,EOG,2019-04-18,105.00,Put,7.45,8.00,0.3082,-0.6147,0.0306,-0.0348,0.1583,-0.1035
2019-02-09,ABT,2019-03-08,78.50,Put,4.65,5.85,0.1928,-0.9039,0.0523,-0.0093,0.0357,-0.0240
2019-02-16,EOG,2019-04-18,110.00,Call,1.55,1.66,0.2906,0.2426,0.0266,-0.0324,0.1328,0.0366
2019-02-09,ABT,2019-03-08,80.00,Call,0.00,0.12,0.1706,0.0378,0.0237,-0.0053,0.0167,0.0021
2019-02-16,EOG,2019-04-18,110.00,Put,11.00,11.60,0.3051,-0.7492,0.0259,-0.0269,0.1314,-0.1173
2019-02-09,ABT,2019-03-08,80.00,Put,6.00,7.90,0.1928,-0.9633,0.0337,-0.0038,0.0177,-0.0130
2019-02-16,EOG,2019-04-18,115.00,Call,0.68,0.84,0.2849,0.1356,0.0188,-0.0219,0.0942,0.0209
2019-02-16,EOG,2019-04-18,115.00,Put,15.15,15.80,0.3071,-0.8496,0.0197,-0.0183,0.0997,-0.1121
2019-02-09,ABT,2019-03-29,66.50,Call,7.15,7.55,0.2217,0.9011,0.0292,-0.0148,0.0468,0.0788
2019-02-16,EQIX,2019-03-15,360.00,Call,59.00,63.40,0.2448,0.9991,0.0002,-0.0269,0.0047,0.0973
2019-02-09,ABT,2019-03-29,66.50,Put,0.38,0.70,0.2684,-0.1405,0.0312,-0.0158,0.0626,-0.0132
2019-02-16,EQIX,2019-03-15,360.00,Put,0.10,0.25,0.2448,-0.0107,0.0010,-0.0141,0.0328,-0.0035
2019-02-09,ABT,2019-03-29,68.00,Call,5.90,6.20,0.2187,0.8476,0.0401,-0.0181,0.0633,0.0752
2019-02-16,EQIX,2019-03-15,380.00,Call,39.00,42.80,0.2305,0.9785,0.0027,-0.0603,0.0582,0.1114
2019-02-09,ABT,2019-03-29,68.00,Put,0.40,0.77,0.2338,-0.1680,0.0403,-0.0153,0.0694,-0.0156
2019-02-16,EQIX,2019-03-15,380.00,Put,0.55,0.75,0.2305,-0.0558,0.0042,-0.0521,0.1304,-0.0184
2019-02-16,EQIX,2019-03-15,390.00,Call,29.00,32.60,0.2149,0.9435,0.0063,-0.0950,0.1401,0.1265
2019-02-09,ABT,2019-03-29,70.50,Call,3.80,4.20,0.2018,0.7313,0.0609,-0.0218,0.0886,0.0666
2019-02-16,EQIX,2019-03-15,390.00,Put,1.10,1.40,0.2149,-0.1027,0.0072,-0.0771,0.2200,-0.0314
2019-02-09,ABT,2019-03-29,70.50,Put,0.91,1.14,0.2123,-0.2797,0.0597,-0.0183,0.0923,-0.0252
2019-02-16,EQIX,2019-03-15,400.00,Call,22.10,23.20,0.1908,0.8784,0.0121,-0.1293,0.2284,0.1388
2019-02-16,EQIX,2019-03-15,400.00,Put,2.15,2.60,0.1988,-0.1840,0.0116,-0.1049,0.3069,-0.0553
2019-02-09,ABT,2019-03-29,72.00,Call,2.78,3.15,0.1963,0.6328,0.0715,-0.0234,0.1011,0.0583
2019-02-16,EQIX,2019-03-15,410.00,Call,14.10,14.80,0.1819,0.7277,0.0191,-0.1723,0.3667,0.1480
2019-02-09,ABT,2019-03-29,72.00,Put,1.36,1.79,0.2137,-0.3790,0.0673,-0.0206,0.1018,-0.0332
2019-02-16,EQIX,2019-03-15,410.00,Put,4.30,4.90,0.1875,-0.3182,0.0166,-0.1308,0.4133,-0.0924
2019-02-09,ABT,2019-03-29,73.50,Call,1.92,2.18,0.1874,0.5205,0.0792,-0.0231,0.1070,0.0484
2019-02-16,EQIX,2019-03-15,420.00,Call,7.90,8.50,0.1777,0.5202,0.0214,-0.1766,0.4561,0.1393
2019-02-09,ABT,2019-03-29,73.50,Put,1.93,2.26,0.1977,-0.4850,0.0769,-0.0194,0.1069,-0.0404
2019-02-16,EQIX,2019-03-15,420.00,Put,7.60,8.80,0.1730,-0.5004,0.0203,-0.1309,0.4623,-0.1358
2019-02-09,ABT,2019-03-29,75.00,Call,1.25,1.47,0.1836,0.4015,0.0784,-0.0215,0.1039,0.0377
2019-02-16,EQIX,2019-03-15,430.00,Call,3.80,4.10,0.1716,0.3170,0.0185,-0.1401,0.4110,0.0951
2019-02-09,ABT,2019-03-29,75.00,Put,2.66,3.05,0.1888,-0.6044,0.0790,-0.0174,0.1024,-0.0467
2019-02-16,EQIX,2019-03-15,430.00,Put,13.80,14.80,0.1716,-0.6948,0.0183,-0.1085,0.4053,-0.1680
2019-02-09,ABT,2019-03-29,76.50,Call,0.72,0.90,0.1761,0.2844,0.0717,-0.0178,0.0911,0.0269
2019-02-16,EQIX,2019-03-15,440.00,Call,1.50,1.80,0.1691,0.1624,0.0126,-0.0913,0.2892,0.0512
2019-02-09,ABT,2019-03-29,76.50,Put,3.65,4.00,0.1827,-0.7217,0.0734,-0.0140,0.0889,-0.0495
2019-02-16,EQIX,2019-03-15,440.00,Put,21.60,22.70,0.1708,-0.8475,0.0128,-0.0640,0.2782,-0.1717
2019-02-16,EQIX,2019-03-15,450.00,Call,0.50,0.75,0.1699,0.0726,0.0070,-0.0507,0.1600,0.0228
2019-02-09,ABT,2019-03-29,78.50,Call,0.29,0.41,0.1677,0.1534,0.0526,-0.0117,0.0636,0.0146
2019-02-16,EQIX,2019-03-15,450.00,Put,29.90,34.00,0.2125,-0.8867,0.0084,-0.0638,0.2309,-0.1746
2019-02-09,ABT,2019-03-29,78.50,Put,5.30,5.70,0.1935,-0.8283,0.0559,-0.0107,0.0687,-0.0472
2019-02-16,EQIX,2019-03-15,460.00,Call,0.15,0.30,0.2191,0.0694,0.0052,-0.0625,0.1546,0.0217
2019-02-09,ABT,2019-03-29,80.50,Call,0.09,0.19,0.1677,0.0761,0.0318,-0.0070,0.0384,0.0073
2019-02-16,EQIX,2019-03-15,460.00,Put,39.10,43.50,0.2191,-0.9414,0.0052,-0.0294,0.1439,-0.1622
2019-02-16,EQIX,2019-03-15,480.00,Call,0.00,0.20,0.3150,0.0674,0.0036,-0.0871,0.1512,0.0208
2019-02-09,ABT,2019-03-29,80.50,Put,6.75,8.00,0.1935,-0.9170,0.0402,-0.0058,0.0432,-0.0344
2019-02-16,EQIX,2019-03-15,480.00,Put,59.60,63.50,0.3150,-0.9405,0.0035,-0.0531,0.1395,-0.1769
2019-02-09,ACN,2019-02-22,132.00,Call,22.30,25.80,0.3848,0.9872,0.0028,-0.0229,0.0101,0.0498
2019-02-16,EQR,2019-03-15,62.50,Call,10.40,11.70,0.1529,0.9999,0.0001,-0.0043,0.0001,0.0478
2019-02-09,ACN,2019-02-22,132.00,Put,0.00,0.15,0.3848,-0.0128,0.0028,-0.0137,0.0101,-0.0008
2019-02-16,EQR,2019-03-15,62.50,Put,0.00,0.45,0.1731,-0.0004,0.0004,-0.0001,0.0003,0.0000
2019-02-16,EQR,2019-03-15,65.00,Call,7.70,9.00,0.1529,0.9980,0.0020,-0.0048,0.0013,0.0496
2019-02-09,ACN,2019-02-22,140.00,Call,14.60,15.90,0.3848,0.9267,0.0119,-0.0672,0.0424,0.0491
2019-02-16,EQR,2019-03-15,65.00,Put,0.00,0.50,0.1731,-0.0054,0.0044,-0.0009,0.0031,-0.0003
2019-02-09,ACN,2019-02-22,140.00,Put,0.00,0.15,0.3848,-0.0733,0.0119,-0.0574,0.0424,-0.0045
2019-02-16,EQR,2019-03-15,67.50,Call,5.50,6.60,0.1529,0.9765,0.0179,-0.0076,0.0112,0.0502
2019-02-09,ACN,2019-02-22,145.00,Call,10.70,11.80,0.3071,0.8885,0.0203,-0.0723,0.0578,0.0487
2019-02-16,EQR,2019-03-15,67.50,Put,0.00,0.15,0.1731,-0.0392,0.0242,-0.0051,0.0172,-0.0022
2019-02-09,ACN,2019-02-22,145.00,Put,0.15,0.20,0.2338,-0.0566,0.0160,-0.0283,0.0347,-0.0034
2019-02-16,EQR,2019-03-15,70.00,Call,3.30,3.80,0.1529,0.8700,0.0683,-0.0159,0.0429,0.0461
2019-02-09,ACN,2019-02-22,149.00,Call,6.90,7.20,0.1883,0.8886,0.0331,-0.0481,0.0578,0.0503
2019-02-16,EQR,2019-03-15,70.00,Put,0.25,0.35,0.1731,-0.1592,0.0697,-0.0145,0.0505,-0.0083
2019-02-09,ACN,2019-02-22,149.00,Put,0.35,0.45,0.2022,-0.1277,0.0341,-0.0448,0.0667,-0.0072
2019-02-16,EQR,2019-03-15,72.50,Call,1.60,1.85,0.1562,0.6147,0.1208,-0.0246,0.0775,0.0331
2019-02-09,ACN,2019-02-22,152.50,Call,4.00,4.20,0.1741,0.7370,0.0615,-0.0696,0.0994,0.0424
2019-02-16,EQR,2019-03-15,72.50,Put,0.80,0.90,0.1519,-0.3863,0.1263,-0.0194,0.0772,-0.0188
2019-02-09,ACN,2019-02-22,152.50,Put,0.90,1.00,0.1825,-0.2731,0.0603,-0.0635,0.1020,-0.0149
2019-02-16,EQR,2019-03-15,75.00,Call,0.40,0.55,0.1357,0.2832,0.1231,-0.0180,0.0686,0.0155
2019-02-09,ACN,2019-02-22,155.00,Call,2.30,2.45,0.1635,0.5656,0.0790,-0.0760,0.1199,0.0328
2019-02-09,ACN,2019-02-22,155.00,Put,1.65,1.80,0.1704,-0.4390,0.0769,-0.0691,0.1197,-0.0229
2019-02-16,EQR,2019-03-15,75.00,Put,2.05,2.30,0.1398,-0.7235,0.1260,-0.0143,0.0680,-0.0279
2019-02-09,ACN,2019-02-22,157.50,Call,1.10,1.45,0.1664,0.3714,0.0746,-0.0724,0.1152,0.0217
2019-02-16,EQR,2019-03-15,77.50,Call,0.00,0.10,0.1357,0.0740,0.0510,-0.0073,0.0284,0.0041
2019-02-09,ACN,2019-02-22,157.50,Put,2.90,3.10,0.1621,-0.6376,0.0778,-0.0607,0.1155,-0.0301
2019-02-16,EQR,2019-03-15,77.50,Put,3.90,4.70,0.1398,-0.9479,0.0602,-0.0036,0.0236,-0.0137
2019-02-16,EQR,2019-03-15,80.00,Call,0.00,0.45,0.1357,0.0110,0.0105,-0.0015,0.0058,0.0006
2019-02-09,ACN,2019-02-22,162.50,Call,0.10,0.20,0.1500,0.0762,0.0313,-0.0242,0.0436,0.0045
2019-02-09,ACN,2019-02-22,162.50,Put,6.90,7.30,0.1634,-0.9188,0.0359,-0.0213,0.0485,-0.0249
2019-02-16,EQR,2019-03-15,80.00,Put,6.40,7.60,0.1398,-1.0000,0.0000,0.0000,0.0000,0.0000
2019-02-09,ACN,2019-02-22,167.50,Call,0.00,0.05,0.1500,0.0069,0.0042,-0.0032,0.0059,0.0004
2019-02-16,EQR,2019-03-15,85.00,Call,0.00,0.35,0.1357,0.0000,0.0001,0.0000,0.0000,0.0000
2019-02-09,ACN,2019-02-22,167.50,Put,11.10,12.30,0.1634,-1.0000,0.0000,0.0000,0.0000,0.0000
2019-02-16,EQR,2019-03-15,85.00,Put,11.40,12.40,0.1398,-1.0000,0.0000,0.0000,0.0000,0.0000
2019-02-16,EQR,2019-04-18,62.50,Call,10.40,11.70,0.1729,0.9954,0.0030,-0.0051,0.0049,0.0708
2019-02-09,ACN,2019-02-22,170.00,Call,0.00,0.05,0.1500,0.0015,0.0011,-0.0008,0.0015,0.0001
2019-02-16,EQR,2019-04-18,62.50,Put,0.00,0.65,0.2005,-0.0265,0.0103,-0.0029,0.0182,-0.0033
2019-02-09,ACN,2019-02-22,170.00,Put,14.30,14.70,0.1634,-1.0000,0.0000,0.0000,0.0000,0.0000
2019-02-16,EQR,2019-04-18,65.00,Call,8.00,8.90,0.1729,0.9741,0.0133,-0.0074,0.0190,0.0726
2019-02-09,ACN,2019-02-22,180.00,Call,0.00,0.05,0.1500,0.0000,0.0000,0.0000,0.0000,0.0000
2019-02-16,EQR,2019-04-18,65.00,Put,0.15,0.25,0.2005,-0.0728,0.0234,-0.0064,0.0429,-0.0085
2019-02-09,ACN,2019-02-22,180.00,Put,24.00,24.80,0.1634,-1.0000,0.0000,0.0000,0.0000,0.0000
2019-02-16,EQR,2019-04-18,67.50,Call,5.90,6.90,0.2226,0.8488,0.0389,-0.0179,0.0720,0.0698
2019-02-09,ACN,2019-03-08,134.00,Call,19.80,24.00,0.2151,0.9949,0.0016,-0.0117,0.0063,0.1020
2019-02-16,EQR,2019-04-18,67.50,Put,0.35,0.45,0.1828,-0.1400,0.0413,-0.0092,0.0687,-0.0160
2019-02-09,ACN,2019-03-08,134.00,Put,0.00,0.40,0.2284,-0.0077,0.0021,-0.0036,0.0091,-0.0009
2019-02-16,EQR,2019-04-18,70.00,Call,3.80,4.20,0.1680,0.7812,0.0652,-0.0171,0.0871,0.0664
2019-02-09,ACN,2019-03-08,140.00,Call,15.20,17.40,0.2151,0.9667,0.0080,-0.0217,0.0319,0.1031
2019-02-16,EQR,2019-04-18,70.00,Put,0.75,0.90,0.1685,-0.2632,0.0660,-0.0121,0.0968,-0.0294
2019-02-16,EQR,2019-04-18,72.50,Call,2.05,2.20,0.1480,0.5950,0.0958,-0.0181,0.1131,0.0550
2019-02-09,ACN,2019-03-08,140.00,Put,0.20,0.60,0.2284,-0.0417,0.0091,-0.0152,0.0384,-0.0051
2019-02-16,EQR,2019-04-18,72.50,Put,1.55,1.70,0.1557,-0.4513,0.0871,-0.0128,0.1175,-0.0485
2019-02-09,ACN,2019-03-08,145.00,Call,10.90,11.60,0.2007,0.9085,0.0190,-0.0345,0.0709,0.0998
2019-02-16,EQR,2019-04-18,75.00,Call,0.85,1.00,0.1413,0.3504,0.0939,-0.0153,0.1077,0.0357
2019-02-09,ACN,2019-03-08,145.00,Put,0.40,0.90,0.2007,-0.0916,0.0191,-0.0245,0.0727,-0.0104
2019-02-16,EQR,2019-04-18,75.00,Put,2.90,3.20,0.1533,-0.6657,0.0820,-0.0103,0.1099,-0.0684
2019-02-09,ACN,2019-03-08,149.00,Call,7.60,8.30,0.2070,0.7932,0.0320,-0.0536,0.1231,0.0886
2019-02-16,EQR,2019-04-18,77.50,Call,0.25,0.35,0.1349,0.1508,0.0607,-0.0088,0.0715,0.0167
2019-02-09,ACN,2019-03-08,149.00,Put,0.90,1.25,0.2070,-0.2077,0.0323,-0.0436,0.1240,-0.0231
2019-02-16,EQR,2019-04-18,77.50,Put,4.60,5.20,0.1427,-0.8521,0.0566,-0.0035,0.0721,-0.0833
2019-02-09,ACN,2019-03-08,152.50,Call,4.80,5.20,0.1769,0.6822,0.0468,-0.0556,0.1536,0.0776
2019-02-16,EQR,2019-04-18,80.00,Call,0.00,0.20,0.1349,0.0516,0.0269,-0.0038,0.0348,0.0061
2019-02-09,ACN,2019-03-08,152.50,Put,1.70,1.85,0.1867,-0.3280,0.0454,-0.0488,0.1579,-0.0351
2019-02-16,EQR,2019-04-18,80.00,Put,6.40,7.90,0.1427,-0.9468,0.0268,0.0000,0.0352,-0.0906
2019-02-09,ACN,2019-03-08,155.00,Call,3.20,3.70,0.1740,0.5571,0.0527,-0.0587,0.1701,0.0638
2019-02-16,EQR,2019-04-18,85.00,Call,0.00,0.45,0.1349,0.0031,0.0024,-0.0003,0.0028,0.0004
2019-02-09,ACN,2019-03-08,155.00,Put,2.55,2.80,0.1797,-0.4480,0.0519,-0.0506,0.1707,-0.0461
2019-02-16,EQR,2019-04-18,85.00,Put,11.20,12.60,0.1427,-0.9969,0.0024,0.0000,0.0037,-0.0973
2019-02-09,ACN,2019-03-08,157.50,Call,2.00,2.25,0.1652,0.4203,0.0549,-0.0541,0.1685,0.0485
2019-02-16,ES,2019-03-15,60.00,Call,9.40,10.40,0.1348,1.0000,0.0000,-0.0041,0.0000,0.0228
2019-02-09,ACN,2019-03-08,157.50,Put,3.70,4.10,0.1734,-0.5815,0.0537,-0.0470,0.1683,-0.0560
2019-02-16,ES,2019-03-15,60.00,Put,0.00,0.05,0.1442,-0.0001,0.0001,0.0000,0.0001,0.0000
2019-02-09,ACN,2019-03-08,162.50,Call,0.55,0.90,0.1656,0.1889,0.0379,-0.0365,0.1165,0.0220
2019-02-16,ES,2019-03-15,65.00,Call,4.90,5.60,0.1348,0.9965,0.0054,-0.0051,0.0024,0.0247
2019-02-09,ACN,2019-03-08,162.50,Put,6.80,7.70,0.1511,-0.8522,0.0408,-0.0211,0.1018,-0.0548
2019-02-16,ES,2019-03-15,65.00,Put,0.05,0.20,0.1442,-0.0355,0.0281,-0.0037,0.0151,-0.0019
2019-02-09,ACN,2019-03-08,167.50,Call,0.05,0.30,0.1656,0.0614,0.0170,-0.0161,0.0523,0.0072
2019-02-16,ES,2019-03-15,70.00,Call,0.90,1.15,0.1348,0.5383,0.1818,-0.0245,0.0725,0.0196
2019-02-09,ACN,2019-03-08,167.50,Put,9.90,14.10,0.1511,-0.9877,0.0162,-0.0021,0.0193,-0.0047
2019-02-16,ES,2019-03-15,70.00,Put,1.10,1.35,0.1442,-0.5268,0.1464,-0.0176,0.0764,-0.0234
2019-02-09,ACN,2019-03-08,170.00,Call,0.00,0.20,0.1656,0.0310,0.0098,-0.0092,0.0302,0.0036
2019-02-16,ES,2019-03-15,75.00,Call,0.00,0.30,0.2129,0.1177,0.0490,-0.0153,0.0384,0.0060
2019-02-09,ACN,2019-03-08,170.00,Put,12.60,16.60,0.1511,-1.0000,0.0000,0.0000,0.0000,0.0000
2019-02-16,ES,2019-03-15,75.00,Put,4.60,5.70,0.2207,-0.8822,0.0487,-0.0112,0.0398,-0.0330
2019-02-09,ACN,2019-03-08,180.00,Call,0.00,0.05,0.1656,0.0009,0.0004,-0.0004,0.0014,0.0001
2019-02-16,ES,2019-03-15,80.00,Call,0.00,0.60,0.2910,0.0491,0.0181,-0.0104,0.0196,0.0025
2019-02-09,ACN,2019-03-08,180.00,Put,22.40,26.90,0.1511,-1.0000,0.0000,0.0000,0.0000,0.0000
2019-02-16,ES,2019-03-15,80.00,Put,9.60,10.70,0.2972,-0.9528,0.0182,-0.0054,0.0200,-0.0342
2019-02-09,ACN,2019-03-29,139.00,Call,17.20,18.40,0.2574,0.8998,0.0120,-0.0351,0.1002,0.1639
2019-02-16,ES,2019-04-18,60.00,Call,9.50,11.10,0.1662,0.9999,0.0002,-0.0043,0.0003,0.0222
2019-02-09,ACN,2019-03-29,139.00,Put,0.95,1.40,0.2974,-0.1313,0.0126,-0.0355,0.1198,-0.0266
2019-02-16,ES,2019-04-18,60.00,Put,0.00,0.65,0.1662,-0.0108,0.0060,-0.0010,0.0081,-0.0013
2019-02-09,ACN,2019-03-29,140.00,Call,16.40,18.20,0.2888,0.8609,0.0135,-0.0456,0.1263,0.1564
2019-02-16,ES,2019-04-18,65.00,Call,4.70,5.70,0.1662,0.9137,0.0496,-0.0133,0.0460,0.0472
2019-02-09,ACN,2019-03-29,140.00,Put,1.05,1.45,0.2907,-0.1408,0.0136,-0.0364,0.1327,-0.0284
2019-02-16,ES,2019-04-18,65.00,Put,0.25,0.40,0.1662,-0.1326,0.0458,-0.0077,0.0636,-0.0143
2019-02-09,ACN,2019-03-29,145.00,Call,12.10,13.40,0.2518,0.8019,0.0194,-0.0488,0.1586,0.1502
2019-02-16,ES,2019-04-18,70.00,Call,1.40,1.65,0.1352,0.5114,0.1084,-0.0156,0.1135,0.0554
2019-02-09,ACN,2019-03-29,145.00,Put,1.70,2.15,0.2679,-0.2119,0.0191,-0.0431,0.1670,-0.0420
2019-02-16,ES,2019-04-18,70.00,Put,1.50,1.80,0.1416,-0.5025,0.1032,-0.0111,0.1133,-0.0464
2019-02-16,ES,2019-04-18,75.00,Call,0.10,0.20,0.1352,0.1096,0.0487,-0.0065,0.0534,0.0124
2019-02-16,ES,2019-04-18,75.00,Put,4.80,6.00,0.1416,-0.9121,0.0508,-0.0018,0.0472,-0.0442
2019-02-16,ES,2019-04-18,80.00,Call,0.00,0.35,0.1352,0.0083,0.0059,-0.0008,0.0064,0.0009
2019-02-16,ES,2019-04-18,80.00,Put,9.50,11.30,0.1416,-0.9989,0.0015,0.0000,0.0016,-0.0300
2019-02-16,ESS,2019-03-15,240.00,Call,37.00,42.00,0.1783,0.9990,0.0002,-0.0173,0.0025,0.1832
2019-02-09,ACN,2019-03-29,149.00,Call,9.30,10.20,0.2467,0.7133,0.0242,-0.0561,0.1940,0.1358
2019-02-16,ESS,2019-03-15,240.00,Put,0.00,0.30,0.1935,-0.0021,0.0004,-0.0017,0.0051,-0.0005
2019-02-16,ESS,2019-03-15,250.00,Call,27.10,32.00,0.1783,0.9885,0.0022,-0.0243,0.0231,0.1886
2019-02-09,ACN,2019-03-29,149.00,Put,2.55,3.00,0.2525,-0.2925,0.0241,-0.0476,0.1975,-0.0567
2019-02-16,ESS,2019-03-15,250.00,Put,0.05,0.40,0.1935,-0.0178,0.0029,-0.0114,0.0339,-0.0039
2019-02-09,ACN,2019-03-29,152.50,Call,6.90,7.40,0.2287,0.6267,0.0291,-0.0569,0.2158,0.1212
2019-02-16,ESS,2019-03-15,260.00,Call,17.50,22.00,0.1783,0.9306,0.0097,-0.0493,0.1029,0.1836
2019-02-09,ACN,2019-03-29,152.50,Put,3.60,3.90,0.2376,-0.3799,0.0285,-0.0489,0.2160,-0.0715
2019-02-16,ESS,2019-03-15,260.00,Put,0.50,0.70,0.1935,-0.0856,0.0105,-0.0401,0.1207,-0.0187
2019-02-16,ESS,2019-03-15,270.00,Call,10.50,11.70,0.1697,0.7731,0.0230,-0.0847,0.2325,0.1566
2019-02-09,ACN,2019-03-29,155.00,Call,5.40,5.90,0.2237,0.5517,0.0310,-0.0572,0.2254,0.1076
2019-02-16,ESS,2019-03-15,270.00,Put,1.55,1.80,0.1656,-0.2229,0.0236,-0.0645,0.2386,-0.0435
2019-02-09,ACN,2019-03-29,155.00,Put,4.20,4.80,0.2210,-0.4527,0.0321,-0.0466,0.2256,-0.0824
2019-02-16,ESS,2019-03-15,280.00,Call,4.00,4.40,0.1465,0.4855,0.0353,-0.0896,0.3076,0.1004
2019-02-16,ESS,2019-03-15,280.00,Put,4.70,5.20,0.1486,-0.5204,0.0357,-0.0735,0.3068,-0.0908
2019-02-09,ACN,2019-03-29,157.50,Call,4.20,4.50,0.2191,0.4727,0.0319,-0.0557,0.2268,0.0928
2019-02-16,ESS,2019-03-15,290.00,Call,0.85,1.05,0.1385,0.1694,0.0236,-0.0515,0.1948,0.0354
2019-02-09,ACN,2019-03-29,157.50,Put,5.70,6.10,0.2251,-0.5317,0.0318,-0.0470,0.2263,-0.0937
2019-02-16,ESS,2019-03-15,290.00,Put,10.80,12.30,0.1271,-0.8758,0.0257,-0.0267,0.1662,-0.0862
2019-02-09,ACN,2019-03-29,162.50,Call,2.20,2.45,0.2092,0.3145,0.0298,-0.0466,0.2023,0.0625
2019-02-16,ESS,2019-03-15,300.00,Call,0.00,0.30,0.1385,0.0328,0.0069,-0.0146,0.0565,0.0069
2019-02-09,ACN,2019-03-29,162.50,Put,8.30,9.20,0.2085,-0.6974,0.0310,-0.0363,0.2002,-0.1075
2019-02-16,ESS,2019-03-15,300.00,Put,18.60,23.50,0.1271,-1.0000,0.0000,0.0000,0.0000,0.0000
2019-02-09,ACN,2019-03-29,167.50,Call,1.00,1.20,0.2026,0.1814,0.0228,-0.0330,0.1502,0.0364
2019-02-09,ACN,2019-03-29,167.50,Put,11.80,13.80,0.2168,-0.8168,0.0239,-0.0272,0.1524,-0.1056
2019-02-16,ESS,2019-03-15,310.00,Call,0.00,0.25,0.1385,0.0035,0.0010,-0.0021,0.0081,0.0007
2019-02-09,ACN,2019-03-29,170.00,Call,0.40,0.80,0.2366,0.1740,0.0191,-0.0372,0.1463,0.0347
2019-02-16,ESS,2019-03-15,310.00,Put,28.60,33.50,0.1271,-1.0000,0.0000,0.0000,0.0000,0.0000
2019-02-09,ACN,2019-03-29,170.00,Put,14.60,15.80,0.2366,-0.8417,0.0202,-0.0270,0.1390,-0.1050
2019-02-16,ESS,2019-03-15,320.00,Call,0.00,0.25,0.1385,0.0002,0.0001,-0.0002,0.0006,0.0000
2019-02-09,ACN,2019-03-29,180.00,Call,0.00,0.30,0.2366,0.0550,0.0082,-0.0159,0.0634,0.0111
2019-02-16,ESS,2019-03-15,320.00,Put,38.60,43.50,0.1271,-1.0000,0.0000,0.0000,0.0000,0.0000
2019-02-09,ACN,2019-03-29,180.00,Put,22.50,27.00,0.2366,-0.9724,0.0097,-0.0054,0.0390,-0.0336
2019-02-16,ESS,2019-04-18,240.00,Call,38.40,42.50,0.2792,0.9311,0.0046,-0.0533,0.1520,0.2644
2019-02-09,ADBE,2019-02-22,217.50,Call,39.10,40.00,0.2787,0.9990,0.0002,-0.0168,0.0016,0.0832
2019-02-16,ESS,2019-04-18,240.00,Put,0.45,0.65,0.2256,-0.0497,0.0040,-0.0206,0.1231,-0.0223
2019-02-09,ADBE,2019-02-22,217.50,Put,0.00,0.12,0.3544,-0.0071,0.0011,-0.0124,0.0099,-0.0007
2019-02-16,ESS,2019-04-18,250.00,Call,28.60,32.20,0.2163,0.9198,0.0067,-0.0491,0.1678,0.2712
2019-02-09,ADBE,2019-02-22,232.50,Call,24.55,25.35,0.2939,0.9630,0.0055,-0.0583,0.0407,0.0853
2019-02-16,ESS,2019-04-18,250.00,Put,0.95,1.20,0.2058,-0.0950,0.0073,-0.0305,0.2009,-0.0421
2019-02-09,ADBE,2019-02-22,232.50,Put,0.32,0.42,0.3250,-0.0524,0.0066,-0.0616,0.0539,-0.0053
2019-02-16,ESS,2019-04-18,260.00,Call,20.40,21.50,0.1816,0.8612,0.0118,-0.0567,0.2408,0.2660
2019-02-09,ADBE,2019-02-22,240.00,Call,17.60,18.20,0.2800,0.9021,0.0123,-0.1020,0.0870,0.0820
2019-02-16,ESS,2019-04-18,260.00,Put,2.00,2.35,0.1885,-0.1812,0.0125,-0.0428,0.3047,-0.0787
2019-02-16,ESS,2019-04-18,270.00,Call,12.50,13.70,0.1756,0.7070,0.0187,-0.0739,0.3875,0.2412
2019-02-09,ADBE,2019-02-22,240.00,Put,0.67,0.89,0.2928,-0.1075,0.0126,-0.0954,0.0931,-0.0109
2019-02-16,ESS,2019-04-18,270.00,Put,4.00,4.60,0.1719,-0.3264,0.0188,-0.0515,0.4100,-0.1375
2019-02-09,ADBE,2019-02-22,247.50,Call,11.20,11.70,0.2635,0.7808,0.0223,-0.1532,0.1487,0.0725
2019-02-16,ESS,2019-04-18,280.00,Call,6.30,6.90,0.1590,0.4977,0.0236,-0.0722,0.4450,0.1807
2019-02-09,ADBE,2019-02-22,247.50,Put,1.79,1.97,0.2747,-0.2282,0.0220,-0.1461,0.1576,-0.0212
2019-02-16,ESS,2019-04-18,280.00,Put,7.90,8.70,0.1602,-0.5338,0.0224,-0.0491,0.4504,-0.2160
2019-02-09,ADBE,2019-02-22,252.50,Call,7.60,7.95,0.2540,0.6553,0.0288,-0.1794,0.1853,0.0616
2019-02-09,ADBE,2019-02-22,252.50,Put,3.05,3.30,0.2612,-0.3493,0.0284,-0.1686,0.1861,-0.0317