date,act_symbol,expiration,strike,call_put,bid,ask,implied_volatility,delta,gamma,theta,vega,stock_price,mid_price,BS_price,BT_price,MC_price,BS_error,BT_error,MC_error,BS_error_pct,BT_error_pct,MC_error_pct
2013-01-02,AAPL,2013-01-04,400.0,call,146.9,150.6,0.3726,1.0,0.0,-1.2112,0.0,549.029976,148.75,149.1395500302694,149.13955003026487,149.19110752534667,0.3895500302693904,0.38955003026487134,0.4411075253466663,0.26188237329034647,0.26188237328730846,0.2965428741826328
2013-01-03,AAPL,2013-01-04,400.0,call,140.2,143.05,0.6783,1.0,0.0,-1.2112,0.0,542.099991,141.625,142.15478176767,142.15478176767402,142.50581410909524,0.5297817676699879,0.5297817676740237,0.8808141090952404,0.37407362236186253,0.37407362236471225,0.6219340576135854
2013-01-04,AAPL,2013-01-04,400.0,call,126.25,127.4,0.3,1.0,0.0,0.0,0.0,526.999992,126.825,126.99999200000002,,126.99999200000002,0.17499200000001736,,0.17499200000001736,0.13797910506604955,,0.13797910506604955
2013-01-07,AAPL,2013-01-11,420.0,call,103.45,104.5,0.509,1.0,0.0,-1.288,0.0005,523.900002,103.975,104.13016326433876,104.13014283592334,103.50200283160817,0.1551632643387677,0.15514283592334266,-0.4729971683918279,0.14923131939289994,0.14921167196282054,-0.45491432401233756
2013-01-08,AAPL,2013-01-11,420.0,call,104.95,106.35,0.3686,1.0,0.0,-1.2717,0.0,525.31002,105.65,105.48258727828977,105.48258727826783,105.42672381769975,-0.16741272171023525,-0.1674127217321768,-0.22327618230025337,-0.15845974605796048,-0.15845974607872862,-0.21133571443469318
2013-01-09,AAPL,2013-01-11,420.0,call,95.45,98.3,0.4424,1.0,0.0,-1.2717,0.0,517.100006,96.875,97.21505873201511,97.21505873182403,97.27260926566616,0.34005873201510894,0.3400587318240298,0.39760926566616206,0.35102836853172537,0.35102836833448237,0.4104353710102318
2013-01-10,AAPL,2013-01-11,420.0,call,102.6,103.9,0.7151,1.0,0.0,-1.2718,0.0,523.509979,103.25,103.56750931153653,103.5675093077501,103.75063133806997,0.31750931153652573,0.31750930775010033,0.5006313380699652,0.30751507170607817,0.3075150680388381,0.4848729666537193
2013-01-11,AAPL,2013-01-11,420.0,call,99.1,100.95,0.3,1.0,0.0,0.0,0.0,520.300026,100.025,100.300026,,100.30002599999997,0.2750259999999969,,0.27502599999996846,0.2749572606848257,,0.27495726068479726
2013-01-14,AAPL,2013-01-19,135.0,call,365.55,367.45,0.5376,1.0,0.0,-0.4088,0.0,501.750015,366.5,366.8424490942993,366.84244909429685,366.87748862394005,0.3424490942992975,0.3424490942968532,0.377488623940053,0.09343767920853957,0.09343767920787265,0.10299826028377981
2013-01-15,AAPL,2013-01-19,135.0,call,349.55,351.35,0.5121,1.0,0.0,-0.4088,0.0,485.920013,350.45000000000005,350.99396533997435,350.99396533997094,350.62262572625457,0.5439653399743065,0.5439653399708959,0.17262572625452322,0.15521910114832543,0.1552191011473522,0.04925830396761969
2013-01-16,AAPL,2013-01-19,135.0,call,370.4,371.45,0.3696,1.0,0.0,-0.4088,0.0,506.089981,370.92499999999995,371.14544905372884,371.145449053726,370.85357980383463,0.2204490537288848,0.22044905372604262,-0.07142019616532025,0.05943224472033021,0.059432244719563966,-0.019254619172425762
2013-01-17,AAPL,2013-01-19,135.0,call,367.15,368.4,0.2869,1.0,0.0,-0.4088,0.0,502.680023,367.775,367.7170042352159,367.7170042352112,367.666821715145,-0.05799576478409563,-0.05799576478875679,-0.10817828485500058,-0.015769360283895216,-0.015769360285162612,-0.02941425731901314
2013-01-18,AAPL,2013-01-19,135.0,call,364.75,365.35,0.0156,1.0,0.0,-0.4088,0.0,500.000015,365.05,365.01850688408865,365.01850688409286,365.0132303877054,-0.03149311591135984,-0.031493115907153424,-0.03676961229461995,-0.00862706914432539,-0.008627069143173106,-0.010072486589404177
2013-01-22,AAPL,2013-01-25,350.0,call,154.2,155.45,0.854,1.0,0.0,-1.0603,0.0,504.770004,154.825,154.91381703821668,154.91381452688847,154.6692170526333,0.08881703821668907,0.08881452688848412,-0.15578294736670273,0.05736608313688944,0.05736446109380535,-0.1006187291243034
2013-01-23,AAPL,2013-01-25,350.0,call,161.75,166.1,1.2917,1.0,0.0,-1.0698,0.0001,514.010002,163.925,164.10614156568778,164.1060745161001,163.7781165763205,0.18114156568776707,0.18107451610009662,-0.14688342367949758,0.11050270897530398,0.11046180637492549,-0.08960404067683243
2013-01-24,AAPL,2013-01-25,350.0,call,99.15,102.25,0.9028,1.0,0.0,-1.0598,0.0,450.499977,100.7,100.54791907108336,100.54791899138549,100.79648800466563,-0.15208092891664649,-0.15208100861451612,0.09648800466563046,-0.1510237625785963,-0.1510238417224589,0.09581728367987136
2013-01-25,AAPL,2013-01-25,350.0,call,88.0,91.6,0.3,1.0,0.0,0.0,0.0,439.880001,89.8,89.880001,,89.880001,0.08000099999999577,,0.08000099999999577,0.08908797327393739,,0.08908797327393739
2013-01-28,AAPL,2013-02-01,350.0,call,98.5,100.75,0.4101,1.0,0.0,-1.0598,0.0,449.830002,99.625,100.0217302952878,100.0217302907291,100.19542481874575,0.3967302952877958,0.3967302907290957,0.5704248187457495,0.398223633914977,0.3982236293391174,0.5725719636092843
2013-01-29,AAPL,2013-02-01,350.0,call,107.8,109.15,0.4067,1.0,0.0,-1.0598,0.0,458.269981,108.475,108.41378706522306,108.41378706522069,108.43086693283735,-0.06121293477693257,-0.06121293477930578,-0.04413306716264742,-0.056430453816024496,-0.056430453818212295,-0.04068501236473604
2013-01-30,AAPL,2013-02-01,350.0,call,106.3,107.2,0.3469,1.0,0.0,-1.0598,0.0,456.830002,106.75,106.92587927648566,106.92587927648148,106.8523849806453,0.17587927648565937,0.17587927648148138,0.10238498064529722,0.16475810443621486,0.16475810443230107,0.09591098889489201
2013-01-31,AAPL,2013-02-01,350.0,call,105.2,106.6,0.4498,1.0,0.0,-1.0598,0.0,455.489998,105.9,105.53793992171126,105.53793992171515,105.65861109777165,-0.3620600782887493,-0.36206007828485554,-0.2413889022283513,-0.3418886480535876,-0.34188864804991076,-0.22794041759051112
2013-02-01,AAPL,2013-02-01,350.0,call,102.85,104.0,0.3,1.0,0.0,0.0,0.0,453.619995,103.425,103.61999500000002,,103.61999500000002,0.19499500000002,,0.19499500000002,0.1885375876239014,,0.1885375876239014
2013-02-04,AAPL,2013-02-08,375.0,call,66.95,68.05,0.2828,1.0,0.0,-1.0893,0.0,442.320004,67.5,67.52542718896495,67.52542717483784,67.55769689652905,0.02542718896495444,0.02542717483784429,0.057696896529051855,0.037669909577710284,0.03766988864865821,0.08547688374674349
2013-02-05,AAPL,2013-02-08,375.0,call,82.05,83.95,0.2434,1.0,0.0,-1.0894,0.0,457.840012,83.0,82.99408992702456,82.9940899270229,83.0230097700569,-0.005910072975439107,-0.005910072977101777,0.023009770056901857,-0.0071205698499266345,-0.007120569851929852,0.02772261452638778
2013-02-06,AAPL,2013-02-08,375.0,call,80.7,83.75,0.6445,1.0,0.0,-1.0914,0.0,457.350014,82.225,82.45280612553319,82.4527896744719,82.46852309428974,0.22780612553319202,0.22778967447190723,0.24352309428974195,0.2770521441571201,0.27703213678553634,0.29616673066554206
2013-02-07,AAPL,2013-02-08,375.0,call,91.4,94.85,0.6465,1.0,0.0,-1.0894,0.0,468.220009,93.125,93.27137534474451,93.27137534470222,93.30969449475587,0.14637534474451286,0.14637534470222135,0.18469449475587396,0.15718157824914133,0.15718157820372763,0.19832965879825393
2013-02-08,AAPL,2013-02-08,375.0,call,98.15,101.4,0.3,1.0,0.0,0.0,0.0,474.980003,99.775,99.98000300000001,,99.98000300000004,0.20500300000000493,,0.20500300000003335,0.20546529691807058,,0.2054652969180991
2013-02-11,AAPL,2013-02-16,260.0,call,219.15,220.25,0.3285,1.0,0.0,-0.7553,0.0,479.930023,219.7,220.10804421865043,220.10804421864734,220.0262400610824,0.4080442186504456,0.40804421864734763,0.3262400610824159,0.18572791017316598,0.18572791017175588,0.14849342789368042
2013-02-12,AAPL,2013-02-16,260.0,call,207.45,208.6,0.3633,1.0,0.0,-0.7553,0.0,467.900002,208.02499999999998,208.04242872883947,208.04242872883657,208.15172278129944,0.01742872883949076,0.017428728836591745,0.12672278129946335,0.00837818956350956,0.00837818956211597,0.06091709232037657
2013-02-13,AAPL,2013-02-16,260.0,call,206.0,207.4,0.2404,1.0,0.0,-0.7553,0.0,467.009995,206.7,207.11682236273703,207.11682236273575,207.04089850798172,0.41682236273703666,0.4168223627357577,0.34089850798173416,0.20165571491874054,0.20165571491812176,0.1649242902669251
2013-02-14,AAPL,2013-02-16,260.0,call,205.8,207.4,0.2421,1.0,0.0,-0.7553,0.0,466.590012,206.60000000000002,206.6612351196751,206.66123511967106,206.60973374591842,0.06123511967507511,0.06123511967103923,0.009733745918396153,0.029639457732369364,0.029639457730415885,0.00471139686272805
2013-02-15,AAPL,2013-02-16,260.0,call,199.2,201.15,0.0222,1.0,0.0,-0.7553,0.0,460.160011,200.175,200.19562499898547,200.19562499898953,200.1908195635597,0.020624998985454113,0.020624998989518417,0.015819563559688277,0.010303483944275814,0.01030348394630619,0.007902866771419147
2013-02-19,AAPL,2013-02-22,380.0,call,79.45,80.25,0.2913,1.0,0.0,-1.104,0.0,459.990021,79.85,80.14615329938528,80.14615329938317,80.01852482884446,0.29615329938528134,0.29615329938317814,0.1685248288444683,0.3708870374267769,0.370887037424143,0.21105175810202667
2013-02-20,AAPL,2013-02-22,380.0,call,68.65,69.5,0.4787,1.0,0.0,-1.104,0.0,448.850006,69.075,68.95410494403882,68.95410366660478,69.0850909113176,-0.120895055961185,-0.12089633339522265,0.010090911317590212,-0.17501998691449147,-0.17502183625801324,0.014608630210047357
2013-02-21,AAPL,2013-02-22,380.0,call,65.5,66.45,0.5172,1.0,0.0,-1.104,0.0,446.060009,65.975,66.11206023206262,66.11206023014417,66.12171421828187,0.1370602320626233,0.13706023014417212,0.14671421828187192,0.20774570983345708,0.20774570692561142,0.22237850440602036
2013-02-22,AAPL,2013-02-22,380.0,call,70.25,71.15,0.3,1.0,0.0,0.0,0.0,450.809998,70.7,70.80999800000001,,70.80999799999998,0.10999800000000448,,0.10999799999997606,0.15558415841584794,,0.15558415841580772
2013-02-25,AAPL,2013-03-01,365.0,call,76.95,78.9,0.4634,1.0,0.0,-1.0888,0.0011,442.799988,77.92500000000001,78.0000760314415,78.00004185196285,77.68884479200415,0.07507603144148334,0.07504185196283686,-0.2361552079958642,0.0963439607847075,0.09630009876527025,-0.3030544857181446
2013-02-26,AAPL,2013-03-01,365.0,call,83.1,84.8,0.466,1.0,0.0,-1.0604,0.0,448.970009,83.94999999999999,84.11997965104945,84.11997905408641,84.03649817525881,0.16997965104945933,0.16997905408642566,0.08649817525882497,0.20247724961222077,0.20247653851867262,0.10303534872998807
2013-02-27,AAPL,2013-03-01,365.0,call,79.3,80.05,0.4259,1.0,0.0,-1.0603,0.0,444.569988,79.675,79.66997430298363,79.66997430269062,79.87512923063225,-0.005025697016364461,-0.005025697309378074,0.20012923063225685,-0.006307746490573532,-0.0063077468583345765,0.2511819650232279
2013-02-28,AAPL,2013-03-01,365.0,call,76.2,77.3,0.6271,1.0,0.0,-1.0603,0.0,441.400009,76.75,76.45000558289041,76.45000557765852,76.32776230618474,-0.29999441710958763,-0.2999944223414843,-0.4222376938152621,-0.39087220470304573,-0.3908722115198493,-0.5501468323325891
2013-03-01,AAPL,2013-03-01,365.0,call,63.55,66.75,0.3,1.0,0.0,0.0,0.0,430.470013,65.15,65.470013,,65.470013,0.3200129999999888,,0.3200129999999888,0.4911941673061992,,0.4911941673061992
2013-03-04,AAPL,2013-03-08,360.0,call,58.65,60.9,0.4788,0.9997,0.0001,-2.3332,0.0503,420.049988,59.775,60.25261654015122,60.25223242926448,60.33001204448833,0.47761654015122446,0.4772324292644825,0.5550120444883291,0.7990239065683388,0.7983813120275742,0.9285019564840303
2013-03-05,AAPL,2013-03-08,360.0,call,70.3,72.1,0.5386,1.0,0.0,-1.097,0.002,431.139988,71.19999999999999,71.28839820586774,71.28832692707743,71.03522027717408,0.08839820586774749,0.08832692707744627,-0.16477972282591224,0.12415478352211728,0.12405467286158187,-0.23143219498021386
2013-03-06,AAPL,2013-03-08,360.0,call,64.8,66.45,0.4513,1.0,0.0,-1.0148,0.0,425.659996,65.625,65.75861324405997,65.75861293274876,65.66009186921427,0.13361324405997266,0.13361293274876118,0.03509186921426988,0.20360113380567263,0.2036006594266837,0.053473324516982675
2013-03-07,AAPL,2013-03-08,360.0,call,69.1,72.65,0.5199,1.0,0.0,-1.0148,0.0,430.580002,70.875,70.62931369093872,70.62931369091149,70.75620116947489,-0.2456863090612842,-0.2456863090885122,-0.1187988305251082,-0.3466473496455509,-0.3466473496839678,-0.1676173975662902
2013-03-08,AAPL,2013-03-08,360.0,call,70.9,72.2,0.3,1.0,0.0,0.0,0.0,431.720001,71.55000000000001,71.72000100000002,,71.72000100000002,0.1700010000000134,,0.1700010000000134,0.23759748427674823,,0.23759748427674823
2013-03-11,AAPL,2013-03-16,255.0,call,182.35,183.6,0.3039,1.0,0.0,-0.7188,0.0,437.869995,182.975,183.04459273367644,183.04459273367254,183.0606818683849,0.06959273367644414,0.06959273367255037,0.08568186838490988,0.03803401211993122,0.03803401211780318,0.04682709024998491
2013-03-12,AAPL,2013-03-16,255.0,call,172.65,173.9,0.3716,1.0,0.0,-0.7188,0.0,428.429993,173.275,173.56968075328493,173.56968075328234,173.62739009100764,0.29468075328492205,0.2946807532823357,0.35239009100763496,0.1700653604299074,0.17006536042841475,0.20337041754877214
2013-03-13,AAPL,2013-03-16,255.0,call,172.85,173.8,0.2984,1.0,0.0,-0.7188,0.0,428.349991,173.325,173.4547639903767,173.4547639903754,173.44809418628228,0.12976399037671627,0.12976399037540887,0.12309418628228741,0.07486743999810545,0.07486743999735115,0.0710192910903144
2013-03-14,AAPL,2013-03-16,255.0,call,177.1,177.6,0.2668,1.0,0.0,-0.7188,0.0,432.499992,177.35,177.56984544429673,177.569845444293,177.58995940852984,0.21984544429673747,0.21984544429301422,0.23995940852984177,0.12396134440188185,0.12396134439978249,0.13530273951499397
2013-03-15,AAPL,2013-03-16,255.0,call,188.4,189.2,0.4521,1.0,0.0,-0.7188,0.0,443.660007,188.8,188.6949361143896,188.6949361143925,188.70650777137865,-0.1050638856104058,-0.10506388560750679,-0.09349222862135775,-0.05564824449703697,-0.05564824449550147,-0.04951918888843101
2013-03-18,AAPL,2013-03-22,320.0,call,134.15,137.55,0.4364,1.0,0.0,-0.9021,0.0,455.720016,135.85000000000002,135.89531043549482,135.89531043549206,135.4617347345879,0.045310435494798185,0.04531043549204128,-0.3882652654121159,0.033353283396980626,0.03335328339495125,-0.28580439117564654
2013-03-19,AAPL,2013-03-22,320.0,call,133.8,135.25,0.4184,1.0,0.0,-0.9021,0.0,454.489975,134.525,134.621454831061,134.6214548310602,134.78744351709335,0.0964548310609814,0.0964548310601856,0.26244351709334524,0.07170030184796983,0.07170030184737826,0.19508902961779984
2013-03-20,AAPL,2013-03-22,320.0,call,131.35,132.7,0.3597,1.0,0.0,-0.9021,0.0,452.079987,132.02499999999998,132.1676462242155,132.16764622421107,132.206667090466,0.1426462242155253,0.14264622421109152,0.18166709046602136,0.10804485833404683,0.10804485833068854,0.13760052298126976
2013-03-21,AAPL,2013-03-22,320.0,call,132.1,133.55,0.5424,1.0,0.0,-0.9021,0.0,452.729988,132.825,132.77382061413596,132.77382061413988,132.5499328391562,-0.0511793858640317,-0.051179385860109505,-0.2750671608437756,-0.03853144051498717,-0.03853144051203426,-0.20708990087993645
2013-03-22,AAPL,2013-03-22,320.0,call,141.25,142.2,0.3,1.0,0.0,0.0,0.0,461.910011,141.725,141.910011,,141.91001099999997,0.18501100000000292,,0.1850109999999745,0.13054224730993327,,0.13054224730991323
2013-03-25,AAPL,2013-03-28,320.0,call,142.9,144.35,0.3429,1.0,0.0,-0.9021,0.0,463.580009,143.625,143.711488831061,143.71148883105957,143.79831862287827,0.08648883106098992,0.08648883105956884,0.17331862287826993,0.060218507266137464,0.06021850726514802,0.12067441105536635
2013-03-26,AAPL,2013-03-28,320.0,call,140.45,141.85,0.323,1.0,0.0,-0.9021,0.0,461.140007,141.14999999999998,141.2276662242155,141.2276662242117,141.337668315623,0.07766622421553393,0.07766622421172542,0.18766831562302855,0.05502389246584055,0.05502389246314235,0.13295665293873793
2013-03-27,AAPL,2013-03-28,320.0,call,131.2,132.85,0.5155,1.0,0.0,-0.9021,0.0,452.079987,132.02499999999998,132.12381961413598,132.12381961414067,132.24948719757538,0.09881961413600493,0.09881961414069451,0.22448719757539948,0.07484916806362807,0.0748491680671801,0.17003385538753987
2013-03-28,AAPL,2013-03-28,320.0,call,122.25,123.35,0.3,1.0,0.0,0.0,0.0,442.660011,122.8,122.660011,,122.66001099999997,-0.13998899999999992,,-0.13998900000002834,-0.11399755700325727,,-0.1139975570032804
2013-04-01,AAPL,2013-04-05,320.0,call,107.35,110.5,0.4653,1.0,0.0,-0.8877,0.0,428.910004,108.925,109.08529843790342,109.08529843604586,108.78696649849573,0.16029843790342113,0.16029843604586347,-0.13803350150426752,0.1471640467325418,0.14716404502718702,-0.12672343493621072
2013-04-02,AAPL,2013-04-05,320.0,call,108.7,110.85,0.361,1.0,0.0,-0.8877,0.0,429.789997,109.775,109.921476831061,109.92147683105951,109.93971360911901,0.14647683106099407,0.14647683105950193,0.1647136091190049,0.1334336880537409,0.13343368805238162,0.15004655806787054
2013-04-03,AAPL,2013-04-05,320.0,call,111.25,112.75,0.3723,1.0,0.0,-0.8877,0.0,431.989994,112.0,112.07765322421551,112.07765322421199,111.92416450407144,0.07765322421550991,0.07765322421198562,-0.07583549592855832,0.06933323590670527,0.06933323590355858,-0.06771026422192707
2013-04-04,AAPL,2013-04-05,320.0,call,107.0,108.35,0.5047,1.0,0.0,-0.8877,0.0,427.71999,107.675,107.76382261413596,107.76382261414028,107.8551984600998,0.08882261413596382,0.08882261414028392,0.18019846009980256,0.08249139924398775,0.08249139924799992,0.16735403770587653
2013-04-05,AAPL,2013-04-05,320.0,call,102.8,103.4,0.3,1.0,0.0,0.0,0.0,423.199993,103.1,103.199993,,103.19999299999996,0.09999300000001199,,0.09999299999996936,0.09698642095054509,,0.09698642095050375
2013-04-08,AAPL,2013-04-12,320.0,call,105.5,106.9,0.3532,1.0,0.0,-0.8877,0.0,426.209995,106.2,106.38528943549477,106.38528943549295,106.28438321017194,0.1852894354947665,0.18528943549294752,0.08438321017193573,0.17447216148283098,0.1744721614811182,0.07945688340106942
2013-04-09,AAPL,2013-04-12,320.0,call,106.35,107.55,0.3371,1.0,0.0,-0.8877,0.0,426.98,106.94999999999999,107.11147983106099,107.11147983106007,107.00172475279996,0.16147983106100128,0.16147983106007757,0.05172475279997002,0.1509862843020115,0.15098628430114783,0.04836349022905098
2013-04-10,AAPL,2013-04-12,320.0,call,115.1,116.3,0.3226,1.0,0.0,-0.8877,0.0,435.689999,115.69999999999999,115.77765822421549,115.77765822421262,115.79789083740029,0.07765822421549728,0.07765822421262669,0.0978908374002998,0.0671203320790815,0.06712033207660044,0.0846074653416593
2013-04-11,AAPL,2013-04-12,320.0,call,113.55,115.05,0.6953,1.0,0.0,-0.8877,0.0,434.329994,114.3,114.37382661413596,114.3738266141398,114.63206530516234,0.07382661413596736,0.07382661413980429,0.3320653051623452,0.0645902135922724,0.0645902135956293,0.29052082691368786
2013-04-12,AAPL,2013-04-12,320.0,call,109.3,110.2,0.3,1.0,0.0,0.0,0.0,429.800011,109.75,109.80001099999998,,109.80001100000004,0.050010999999983596,,0.05001100000004044,0.0455681093393928,,0.04556810933944459
2013-04-15,AAPL,2013-04-20,255.0,call,164.4,165.65,0.3776,1.0,0.0,-0.7073,0.0,419.85001,165.025,165.02460773367642,165.02460773367181,165.05340044695038,-0.0003922663235869095,-0.0003922663281912264,0.02840044695037136,-0.0002377011504844172,-0.00023770115327448958,0.017209784548020822
2013-04-16,AAPL,2013-04-20,255.0,call,170.75,171.75,0.2634,1.0,0.0,-0.7074,0.0,426.240009,171.25,171.3796967532849,171.37969675328227,171.34239929620784,0.1296967532848896,0.1296967532822748,0.09239929620784437,0.075735330385337,0.07573533038381011,0.05395579340604051
2013-04-17,AAPL,2013-04-20,255.0,call,146.7,148.85,0.4942,1.0,0.0,-0.7074,0.0,402.800007,147.77499999999998,147.9047799903767,147.90477999037617,147.71234850244312,0.1297799903767327,0.1297799903761927,-0.06265149755685684,0.0878226969221673,0.08782269692180188,-0.042396547154022565
2013-04-18,AAPL,2013-04-20,255.0,call,136.7,137.7,0.4285,1.0,0.0,-0.7074,0.0,392.049988,137.2,137.1198414442967,137.11984144429272,137.08301154969035,-0.08015855570329222,-0.08015855570727126,-0.11698845030963412,-0.05842460328228297,-0.05842460328518313,-0.08526854978836307
2013-04-19,AAPL,2013-04-20,255.0,call,135.3,136.05,0.4939,1.0,0.0,-0.7074,0.0,390.530006,135.675,135.5649351143896,135.5649351143931,135.79932653762987,-0.11006488561039873,-0.11006488560690286,0.12432653762985524,-0.08112392527024044,-0.0811239252676638,0.0916355538086274
2013-04-22,AAPL,2013-04-26,290.0,call,107.3,110.8,0.8859,0.9999,0.0,-1.3401,0.011,398.670006,109.05,108.83122350685028,108.83089049286704,109.12188543374265,-0.21877649314971848,-0.21910950713295563,0.07188543374265066,-0.2006203513523324,-0.2009257286868002,0.06591970081857007
2013-04-23,AAPL,2013-04-26,290.0,call,114.55,118.0,1.118,0.9999,0.0,-1.5945,0.009,406.12999,116.275,116.25313442857492,116.25276802567068,115.95283996766337,-0.021865571425081498,-0.022231974329329773,-0.32216003233664026,-0.018805049602306168,-0.019120167129073124,-0.27706732516589144
2013-04-24,AAPL,2013-04-26,290.0,call,114.65,115.8,0.5585,1.0,0.0,-0.8045,0.0,405.459988,115.225,115.5394291719453,115.5394291719426,115.76909644838999,0.3144291719453065,0.31442917194260644,0.5440964483899933,0.2728827701846878,0.27288277018234447,0.47220347007159325
2013-04-25,AAPL,2013-04-26,290.0,call,116.55,120.3,0.5834,1.0,0.0,-0.8045,0.0,408.380001,118.425,118.41972430656074,118.41972430656426,118.69514496435998,-0.005275693439259044,-0.005275693435734752,0.2701449643599858,-0.0044548815193236595,-0.00445488151634769,0.2281148105214151
2013-04-26,AAPL,2013-04-26,290.0,call,127.0,128.15,0.3,1.0,0.0,0.0,0.0,417.199989,127.575,127.19998900000002,,127.19998899999996,-0.37501099999998644,,-0.3750110000000433,-0.293953360768165,,-0.2939533607682095
2013-04-29,AAPL,2013-05-03,300.0,call,128.7,131.1,0.3318,1.0,0.0,-0.8322,0.0,430.119991,129.89999999999998,130.28432953327638,130.28432953327467,130.43932881634828,0.38432953327640007,0.38432953327469477,0.5393288163483021,0.29586569151377995,0.29586569151246717,0.4151876954182465
2013-04-30,AAPL,2013-05-03,300.0,call,142.35,143.35,0.4104,1.0,0.0,-0.8322,0.0,442.779987,142.85,142.9032493416197,142.9032493416183,142.77506698309043,0.05324934161970418,0.05324934161831152,-0.07493301690956855,0.03727640295394063,0.03727640295296571,-0.05245573462342916
2013-05-01,AAPL,2013-05-03,300.0,call,138.4,140.0,0.4646,1.0,0.0,-0.8223,0.0,439.290001,139.2,139.37218152270202,139.37218152269756,139.2794705472204,0.1721815227020329,0.1721815226975707,0.07947054722041003,0.12369362263077077,0.12369362262756517,0.05709091035948997
2013-05-02,AAPL,2013-05-03,300.0,call,145.25,145.95,0.6005,1.0,0.0,-0.8223,0.0,445.519997,145.6,145.56109007575247,145.56109007575643,145.60150169229198,-0.03890992424751971,-0.038909924243569094,0.0015016922919812714,-0.026723849071098704,-0.026723849068385368,0.0010313820686684556
2013-05-03,AAPL,2013-05-03,300.0,call,149.5,150.25,0.3,1.0,0.0,0.0,0.0,449.980019,149.875,149.98001900000003,,149.98001900000003,0.10501900000002706,,0.10501900000002706,0.0700710592160314,,0.0700710592160314
2013-05-06,AAPL,2013-05-10,300.0,call,158.55,162.7,0.5102,0.9982,0.0,91.2763,0.0,460.709984,160.625,160.87432253327637,160.8743225332727,160.67884239064617,0.24932253327637,0.2493225332727036,0.05384239064616736,0.15522025417984125,0.15522025417755866,0.033520554487886295
2013-05-07,AAPL,2013-05-10,300.0,call,156.65,160.2,0.7524,0.9987,0.0,90.9164,0.0,458.660004,158.425,158.78326634252494,158.78326634178876,158.84123816257335,0.35826634252492795,0.35826634178874883,0.416238162573336,0.22614255485240833,0.22614255438772216,0.26273515074851567
2013-05-08,AAPL,2013-05-10,300.0,call,161.8,165.5,0.233,0.9993,0.0,94.3144,0.0,463.839989,163.65,163.922169522702,163.92216952269814,163.832361045719,0.2721695227020007,0.2721695226981353,0.1823610457190057,0.16631196009899216,0.16631196009663018,0.1114335751414639
2013-05-09,AAPL,2013-05-10,300.0,call,155.8,157.65,0.791,0.9998,0.0,95.1949,0.0,456.769974,156.72500000000002,156.81106707575248,156.8110670757573,157.06481898579432,0.08606707575245309,0.08606707575728478,0.33981898579429526,0.054915983890542724,0.05491598389362563,0.21682500289953435
2013-05-10,AAPL,2013-05-10,300.0,call,152.7,153.1,0.3,1.0,0.0,0.0,0.0,452.969994,152.89999999999998,152.96999399999999,,152.969994,0.06999400000000833,,0.06999400000003675,0.045777632439508394,,0.04577763243952698
2013-05-13,AAPL,2013-05-18,220.0,call,234.25,235.45,0.2977,1.0,0.0,-0.603,0.0,454.740021,234.85,234.8906543388581,234.8906543388541,234.88065261907002,0.04065433885810421,0.04065433885409675,0.030652619070025366,0.01731076808946315,0.01731076808775676,0.013051998752405947
2013-05-14,AAPL,2013-05-18,220.0,call,223.4,224.35,0.268,1.0,0.0,-0.603,0.0,443.860012,223.875,223.98052692440265,223.98052692439978,224.02317101275688,0.10552692440265332,0.10552692439978273,0.14817101275687605,0.04713653797996798,0.04713653797868575,0.06618470698241254
2013-05-15,AAPL,2013-05-18,220.0,call,208.35,209.2,0.5007,1.0,0.0,-0.603,0.0,428.850002,208.77499999999998,208.94039438385445,208.94039438385434,208.77870637309758,0.16539438385447625,0.16539438385436256,0.0037063730976001352,0.07922135497759611,0.07922135497754164,0.0017752954604718645
2013-05-16,AAPL,2013-05-18,220.0,call,213.85,215.3,0.3186,1.0,0.0,-0.603,0.0,434.580013,214.575,214.64027871664817,214.64027871664436,214.50034849200944,0.06527871664818008,0.06527871664437157,-0.07465150799055209,0.03042233095569385,0.03042233095391894,-0.034790403351067034
2013-05-17,AAPL,2013-05-18,220.0,call,212.6,214.1,0.0747,1.0,0.0,-0.603,0.0,433.26001,213.35,213.2901449222185,213.29014492222228,213.2826807842224,-0.05985507778149213,-0.05985507777771204,-0.06731921577758726,-0.02805487592289296,-0.028054875921121183,-0.03155341728501864
2013-05-20,AAPL,2013-05-24,300.0,call,142.1,143.55,0.3781,1.0,0.0,-0.8223,0.0,442.930004,142.825,143.09434253327635,143.09434253327458,143.22728294408304,0.26934253327635815,0.269342533274596,0.40228294408305487,0.18858220428941583,0.18858220428818206,0.2816614346809416
2013-05-21,AAPL,2013-05-24,300.0,call,138.55,141.7,0.4088,1.0,0.0,-0.8223,0.0,439.659996,140.125,139.78325834161967,139.78325834161822,139.83594074982886,-0.34174165838032877,-0.3417416583817783,-0.2890592501711353,-0.2438834314935442,-0.2438834314945786,-0.2062867084182946
2013-05-22,AAPL,2013-05-24,300.0,call,140.6,142.05,0.473,1.0,0.0,-0.8223,0.0,441.349995,141.325,141.43217552270198,141.43217552269905,141.6361542987775,0.10717552270199349,0.10717552269906605,0.31115429877752376,0.0758362092354456,0.07583620923337418,0.22016932515657087
2013-05-23,AAPL,2013-05-24,300.0,call,141.4,143.1,0.7321,1.0,0.0,-0.8223,0.0,442.139999,142.25,142.18109207575247,142.18109207575552,141.96450098229215,-0.0689079242475259,-0.06890792424448478,-0.28549901770784913,-0.048441423021107835,-0.04844142301896997,-0.20070229715841767
2013-05-24,AAPL,2013-05-24,300.0,call,144.65,145.5,0.3,1.0,0.0,0.0,0.0,445.150002,145.075,145.15000199999997,,145.15000199999992,0.07500199999998358,,0.07500199999992674,0.051698776494905105,,0.051698776494865935
2013-05-28,AAPL,2013-05-31,300.0,call,140.8,142.15,0.3904,1.0,0.0,-0.8223,0.0,441.44001,141.47500000000002,141.56327234161967,141.56327234161827,141.6337429101244,0.0882723416196427,0.08827234161825004,0.15874291012437425,0.06239430402519363,0.062394304024209236,0.11220562652367855
2013-05-29,AAPL,2013-05-31,300.0,call,144.3,145.75,0.3932,1.0,0.0,-0.8223,0.0,444.949997,145.025,145.032177522702,145.03217752269745,145.31069431269563,0.007177522701994121,0.007177522697446648,0.2856943126956253,0.004949162352693757,0.004949162349558109,0.19699659554947443
2013-05-30,AAPL,2013-05-31,300.0,call,150.95,152.45,0.4724,1.0,0.0,-0.8223,0.0,451.580002,151.7,151.62109507575246,151.62109507575641,151.69142629603408,-0.07890492424752438,-0.07890492424357376,-0.008573703965907953,-0.05201379317569174,-0.052013793173087526,-0.005651749483129831
2013-05-31,AAPL,2013-05-31,300.0,call,149.0,150.45,0.3,1.0,0.0,0.0,0.0,449.730026,149.725,149.730026,,149.730026,0.005026000000015074,,0.005026000000015074,0.0033568208382134404,,0.0033568208382134404
2013-06-03,AAPL,2013-06-07,330.0,call,118.55,121.1,0.3333,1.0,0.0,-0.9032,0.0,450.720009,119.82499999999999,120.90078138660397,120.9007813866015,120.95558304691524,1.0757813866039783,1.0757813866015056,1.1305830469152482,0.8977937714199694,0.8977937714179058,0.9435285181850602
2013-06-04,AAPL,2013-06-07,330.0,call,118.45,120.1,0.3519,1.0,0.0,-0.9032,0.0,449.30999,119.275,119.44557857578167,119.44557857577942,119.3149404162786,0.17057857578166136,0.17057857577941604,0.03994041627859701,0.1430128491147863,0.14301284911290382,0.033485991430389446
2013-06-05,AAPL,2013-06-07,330.0,call,114.35,115.8,0.5017,1.0,0.0,-0.9032,0.0,445.110001,115.07499999999999,115.20039957497227,115.20039957496805,115.10193611426739,0.1253995749722776,0.12539957496805698,0.026936114267400058,0.10897203994983934,0.10897203994617163,0.023407442335346564
2013-06-06,AAPL,2013-06-07,330.0,call,107.65,109.05,0.7453,1.0,0.0,-0.9032,0.0,438.459995,108.35,108.50519738332798,108.50519738333224,108.65174005291361,0.15519738332798738,0.15519738333225064,0.3017400529136154,0.14323708659712725,0.14323708660106196,0.278486435545561
2013-06-07,AAPL,2013-06-07,330.0,call,111.55,112.4,0.3,1.0,0.0,0.0,0.0,441.810005,111.975,111.81000499999999,,111.81000500000003,-0.16499500000000467,,-0.16499499999996203,-0.14734985487832522,,-0.14734985487828714
2013-06-10,AAPL,2013-06-14,320.0,call,118.45,119.2,0.3716,1.0,0.0,-0.8758,0.0,438.889992,118.825,119.06528643549473,119.06528643549225,118.79709632691981,0.24028643549472406,0.24028643549225137,-0.02790367308018915,0.20221875488720728,0.20221875488512633,-0.023482998594731033
2013-06-11,AAPL,2013-06-14,320.0,call,117.5,118.25,0.4371,1.0,0.0,-0.8758,0.0,437.600002,117.875,117.73148183106099,117.73148183105948,117.70850794668684,-0.1435181689390106,-0.14351816894051694,-0.16649205331316352,-0.1217545441688319,-0.12175454417010982,-0.1412445839348153
2013-06-12,AAPL,2013-06-14,320.0,call,111.55,112.5,0.3207,1.0,0.0,-0.8758,0.0,432.189999,112.025,112.27765822421549,112.2776582242126,112.33211347351128,0.25265822421548023,0.25265822421259543,0.30711347351127927,0.2255373570323412,0.22553735702976604,0.27414726490629704
2013-06-13,AAPL,2013-06-14,320.0,call,115.65,116.5,0.6877,1.0,0.0,-0.8758,0.0,435.959991,116.075,116.00382361413597,116.00382361413916,116.15022763004528,-0.0711763858640353,-0.07117638586083785,0.07522763004527633,-0.061319307227254184,-0.061319307224499554,0.06480950251585296
2013-06-14,AAPL,2013-06-14,320.0,call,109.35,110.3,0.3,1.0,0.0,0.0,0.0,430.050003,109.82499999999999,110.050003,,110.05000300000005,0.22500300000001516,,0.2250030000000578,0.20487411791487836,,0.20487411791491722
2013-06-17,AAPL,2013-06-22,200.0,call,231.6,232.7,0.2612,1.0,0.0,-0.5474,0.0,432.000008,232.14999999999998,232.13694739896187,232.136947398958,232.23116819133648,-0.013052601038111789,-0.013052601041977141,0.0811681913365021,-0.005622485909158643,-0.0056224859108236665,0.03496368353930739
2013-06-18,AAPL,2013-06-22,200.0,call,231.1,232.0,0.2322,1.0,0.0,-0.5474,0.0,431.769989,231.55,231.87954802218425,231.87954802218144,231.94979489925976,0.32954802218424106,0.3295480221814273,0.39979489925974576,0.1423226180886379,0.14232261808742272,0.1726602890346559
2013-06-19,AAPL,2013-06-22,200.0,call,222.75,223.65,0.2764,1.0,0.0,-0.5474,0.0,422.999989,223.2,223.08216389441313,223.082163894412,222.93310493366684,-0.11783610558686064,-0.11783610558799751,-0.26689506633314863,-0.052793954115976996,-0.05279395411648634,-0.11957664262237844
2013-06-20,AAPL,2013-06-22,200.0,call,216.1,217.2,0.2531,1.0,0.0,-0.5474,0.0,416.840008,216.64999999999998,216.8947950151347,216.89479501513105,216.99313571917682,0.2447950151347129,0.24479501513107493,0.3431357191768427,0.11299100629342854,0.11299100629174935,0.15838251519817342
2013-06-21,AAPL,2013-06-22,200.0,call,213.3,214.1,0.4567,1.0,0.0,-0.5474,0.0,413.500011,213.7,213.52740638383494,213.52740638383742,213.41248815780148,-0.1725936161650452,-0.17259361616257252,-0.2875118421985121,-0.08076444368977315,-0.08076444368861607,-0.13453993551638377
2013-06-24,AAPL,2013-06-28,315.0,call,86.45,88.05,0.3812,1.0,0.0,-0.8621,0.0,402.540001,87.25,87.71255646074599,87.71255646013626,87.35444733071672,0.46255646074598644,0.4625564601362555,0.10444733071672374,0.5301506713421048,0.5301506706432727,0.1197104076982507
2013-06-25,AAPL,2013-06-28,315.0,call,87.1,88.6,0.4335,1.0,0.0,-0.8621,0.0,402.62999,87.85,87.75941545912298,87.75941545878219,87.79927616378195,-0.09058454087701762,-0.09058454121780812,-0.05072383621804022,-0.10311273861925739,-0.10311273900718057,-0.057739141967034974
2013-06-26,AAPL,2013-06-28,315.0,call,82.35,83.7,0.4165,1.0,0.0,-0.8621,0.0,398.069992,83.025,83.15628154883711,83.15628154883346,83.06413464169385,0.13128154883710863,0.13128154883345644,0.03913464169384895,0.15812291338405132,0.15812291337965245,0.04713597313321162
2013-06-27,AAPL,2013-06-28,315.0,call,78.05,79.5,0.8182,1.0,0.0,-0.8622,0.0,393.779987,78.775,78.82313497808104,78.82313483839735,78.70777627280516,0.048134978081037616,0.04813483839734545,-0.06722372719484326,0.061104383473230856,0.06110420615340584,-0.08533637219275565
2013-06-28,AAPL,2013-06-28,315.0,call,80.75,82.1,0.3,1.0,0.0,0.0,0.0,396.53001,81.425,81.53001,,81.53000999999998,0.10501000000000715,,0.10500999999997873,0.12896530549586388,,0.12896530549582896
